[[-0.16366387 -2.10676666 -0.6886632 ]],10.0
[[ 1.45178426 -0.88916576  0.28584542]],0.0
[[-0.11164576  1.72920945 -0.44171294]],0.0
[[-1.63702287 -0.02636451 -0.06252499]],0.0
[[ 0.184779    1.5005961  -0.10881641]],0.0
[[ 0.28371603  2.44166565 -1.90878517]],17.0
[[-0.08455028 -1.32526775 -0.59894013]],0.0
[[ 1.42063938  1.30738139 -0.24332366]],0.0
[[ 3.36952585  1.37335619 -0.27507058]],14.0
[[-1.6565352  -0.70104153 -0.5584567 ]],6.0
[[ 4.08510405  1.05982179 -3.01452841]],32.0
[[ 0.86506176 -1.90406191 -0.46139146]],0.0
[[ 0.53820567  2.1029654  -1.71305453]],19.0
[[  0.00000000e+00  -1.66533454e-16  -1.00000000e+00]],0.0
[[ 0.92942799  0.42929374 -0.48847043]],0.0
[[-1.49524271 -0.65829699  0.326729  ]],0.0
[[-1.96018027 -0.19058248 -0.07036738]],0.0
[[-2.22245797  1.02563972 -2.22026857]],11.0
[[-0.4557472   1.17230514 -0.10943335]],0.0
[[-0.18625171 -4.32451269 -2.4076261 ]],46.0
[[-2.49627773 -0.25924618 -1.94884624]],11.0
[[-1.24412205  0.10740364 -0.41051207]],0.0
[[ 1.51465405 -0.64508745  0.01131214]],0.0
[[-1.08689566  0.51251748  0.37943879]],0.0
[[-0.79862086  1.47739423 -0.29827325]],0.0
[[ 0.47412401  1.31726984 -0.12846043]],0.0
[[-0.73964342  1.85686349 -0.80913934]],0.0
[[-0.46650399  1.04957475 -0.4594446 ]],0.0
[[ 1.25443957  1.19233665 -0.38018189]],0.0
[[-0.16399981 -1.6931501  -0.54809448]],0.0
[[-0.04103723  1.60396839 -0.17759562]],0.0
[[ 1.0156466   0.28884382 -0.32866389]],0.0
[[-0.8452956  -2.88855848 -1.27760651]],13.0
[[ 2.10665487  1.4785264  -0.66507418]],6.0
[[ 1.0308874  -2.07176276 -1.88250314]],11.0
[[-1.25346033  0.19425385 -0.26144108]],0.0
[[-1.0631098  -0.12470796 -0.35269439]],0.0
[[ 4.83935446  1.13686523 -3.74110881]],79.0
[[ 0.50629322 -2.24210876 -0.60085496]],2.0
[[ 2.67550772 -1.63550355  0.03556503]],12.0
[[-6.18169716  2.08967166 -1.32396534]],61.0
[[-0.58837594  1.23917884 -0.15832494]],0.0
[[-2.51035246 -1.59014602 -2.53329182]],26.0
[[ 0.84434063 -0.54863692 -0.7614284 ]],0.0
[[ 1.6133132  -0.56919935 -0.22527661]],0.0
[[-0.25468953 -1.57861549 -0.16338113]],0.0
[[-0.74788193 -1.32037562 -0.16665722]],0.0
[[ 2.21373471 -0.84878687 -1.77064144]],11.0
[[ -5.55111512e-17  -3.05311332e-16  -1.00000000e+00]],0.0
[[-0.70241915  6.08638369 -1.09675948]],171.0
[[ 0.66764692  0.7435699  -0.43372676]],0.0
[[ 0.86850765 -0.91851625 -0.70892086]],0.0
[[ 2.12609647  0.68500961 -1.91302297]],11.0
[[ 0.97272396  0.87597539 -0.22916782]],0.0
[[-0.84389701 -0.9689782  -0.33145058]],0.0
[[ -2.22044605e-16  -1.38777878e-17  -1.00000000e+00]],0.0
[[-2.5787148   1.37145465 -1.38922625]],11.0
[[-1.54320308  0.24985973  0.29890853]],0.0
[[ 0.34228116  2.07567842 -1.25041216]],5.0
[[ 0.06359023 -1.4611535  -0.1430659 ]],0.0
[[ 4.51213136  2.97334511 -1.14347552]],67.0
[[-1.17030306 -1.15875715 -0.13320695]],2.0
[[ 1.59948675 -0.44937576  0.02496115]],0.0
[[ 0.59719156  0.67440298 -0.65998401]],0.0
[[ 0.20137964  1.18102619 -0.23844633]],0.0
[[ 0.40170001 -1.60550996 -0.23969614]],0.0
[[ 1.39690248 -2.06499872 -0.25405118]],4.0
[[-0.08511669 -3.00013923 -1.45231162]],27.0
[[ 0.55868127 -2.17991677 -0.17713129]],0.0
[[-1.27291917  2.59407163 -2.78221892]],36.0
[[ 0.21095779  1.36027915 -0.00309631]],0.0
[[ 0.56591875  1.39222876 -0.51903455]],0.0
[[-2.01448382 -0.49080047  0.1681526 ]],0.0
[[ 1.58326937 -1.22300548  0.18599782]],0.0
[[-0.50905646 -0.97191476  0.09951539]],0.0
[[ 2.10585576  0.50632977 -0.15856378]],0.0
[[  0.00000000e+00   2.77555756e-17  -1.00000000e+00]],0.0
[[  8.32667268e-17  -1.04083409e-16  -1.00000000e+00]],0.0
[[ 0.24630504 -1.56735678 -0.49543718]],0.0
[[ 1.04220809 -0.51631179 -0.3337008 ]],0.0
[[ -1.11022302e-16  -1.11022302e-16  -1.00000000e+00]],0.0
[[-1.029481   -1.04432731 -1.06627901]],0.0
[[  1.66533454e-16  -5.55111512e-17  -1.00000000e+00]],0.0
[[-1.67144913 -0.51540161 -0.58748068]],0.0
[[ 0.24177356 -1.46906712  0.00845476]],0.0
[[ 0.90710778  0.78724392 -0.5262758 ]],0.0
[[-1.62161406 -0.74639783 -0.26380013]],0.0
[[ 0.81957217 -0.23304681 -0.56562577]],0.0
[[ 0.90059009  0.50168566 -0.36752449]],0.0
[[  5.55111512e-17   1.94289029e-16  -1.00000000e+00]],0.0
[[ 2.0200059  -2.72014826 -1.63876179]],11.0
[[-1.08738412  0.34788567 -0.43185421]],0.0
[[ 1.02349415  0.66608198 -0.30380806]],0.0
[[ 0.92127693  1.01239413 -0.08833439]],0.0
[[ 1.83803064  1.32116661 -1.6430788 ]],11.0
[[  8.32667268e-17  -5.55111512e-17  -1.00000000e+00]],0.0
[[-0.43573303 -1.14035387 -0.56054995]],0.0
[[ 0.09529496 -1.26579228 -0.60016202]],0.0
[[-1.47298747 -0.22041633 -0.10423758]],0.0
[[  1.11022302e-16   1.11022302e-16  -1.00000000e+00]],0.0
[[-1.52751927  0.2752931   0.35337093]],0.0
[[-0.62343229 -0.88463429 -0.68238231]],0.0
[[-1.35183441 -0.14020111 -0.41206588]],0.0
[[-0.2661417  -1.35508473 -0.64557629]],0.0
[[ 0.33152741 -1.04825786 -0.52446322]],0.0
[[ 1.18076454  1.22136811 -0.89051747]],0.0
[[-1.41565527  1.80775677 -0.50084071]],0.0
[[-1.63921196 -0.86693812 -1.73539752]],7.0
[[ 0.59127156  0.85344551 -0.66492979]],0.0
[[-1.42406544  0.20837462 -0.6617369 ]],0.0
[[-2.16835213 -0.96188865 -1.96440853]],11.0
[[-0.51334724  1.8204731  -0.18340939]],0.0
[[ 0.70774005 -1.11083103 -0.11341808]],0.0
[[-1.00449363  1.31923026  0.01605104]],0.0
[[ 1.57792219  3.51349776 -1.23534254]],19.0
[[ 1.37482735 -0.25234064 -0.70637582]],4.0
[[-0.90672262  1.32769616 -0.64544497]],0.0
[[ 1.31691572  1.34708166 -1.72758549]],7.0
[[ -8.32667268e-17  -9.71445147e-17  -1.00000000e+00]],0.0
[[ 0.08314479 -1.49807006 -0.63862501]],0.0
[[-1.22835547 -0.61475405 -0.01135715]],0.0
[[ 0.2005845   1.36473508  0.1087438 ]],0.0
[[  4.44089210e-16  -1.11022302e-16  -1.00000000e+00]],0.0
[[ 0.  0. -1.]],0.0
[[ 1.46827212  1.56652727 -0.27318522]],2.0
[[ 0.62079814 -1.23282106 -0.33305517]],2.0
[[ 0.93698053 -0.6918067  -0.47221976]],0.0
[[-0.34345903  2.5943754  -0.70209612]],0.0
[[-0.02456771  1.45717872  0.2067583 ]],0.0
[[ 0.20937877  0.88054722 -0.34776107]],0.0
[[ 5.87498058 -4.80233352 -1.46207139]],95.0
[[ -5.55111512e-17   4.16333634e-17  -1.00000000e+00]],0.0
[[-0.0457586  -1.28320342 -0.14372004]],0.0
[[ 1.48916327 -0.4144923  -0.79795703]],2.0
[[-2.21489136  0.21216286 -1.53012032]],17.0
[[  3.74700271e-16   1.49880108e-15  -1.00000000e+00]],0.0
[[-0.43113504  1.79347636  0.09456335]],0.0
[[-1.78845181 -1.99384595 -1.71812268]],11.0
[[-0.78259694  2.10657152 -0.38539912]],8.0
[[ 1.03146091  0.38013486 -0.70543018]],2.0
[[ -3.40005801e-16   0.00000000e+00  -1.00000000e+00]],0.0
[[-0.06918296  1.27805091  0.15778973]],0.0
[[-0.81133075 -1.00035745 -0.48439088]],0.0
[[-0.8631711  -0.53957908 -0.88750757]],0.0
[[-0.92597842  1.26687337 -0.38579651]],0.0
[[-1.01969585  0.2033444  -0.53808827]],0.0
[[  3.05311332e-16  -2.77555756e-16  -1.00000000e+00]],0.0
[[-0.91341251  1.19933719 -0.47931299]],0.0
[[  8.32667268e-17   1.66533454e-16  -1.00000000e+00]],0.0
[[-0.49730598  2.20091322 -0.27887453]],8.0
[[-0.09230525 -2.52428047 -1.33799928]],9.0
[[-2.16824711  0.17536852 -0.63489228]],0.0
[[-3.21520414  0.73385898 -2.84899052]],32.0
[[ 2.21956242  1.34998334 -0.42163192]],12.0
[[ 1.82294108 -0.21797446 -0.37561646]],2.0
[[-0.14490053  1.49433689  0.0652228 ]],0.0
[[ 0.02622711  1.15789508 -0.38979959]],0.0
[[-1.24512209 -1.20078031 -0.06924891]],0.0
[[-0.27618448  1.43230908  0.07699385]],0.0
[[ 1.39273016 -0.15970604 -0.14847781]],0.0
[[ 0.76442101  1.17775051 -1.00702015]],0.0
[[ 0.87353965 -0.09816176 -0.49296396]],0.0
[[  2.49800181e-16   1.11022302e-16  -1.00000000e+00]],0.0
[[ 0.40507311 -0.62330638 -0.81651815]],0.0
[[-0.86185845 -0.48306249 -0.60810304]],0.0
[[ 0.45551299 -0.93675345 -0.38785778]],0.0
[[-0.31714554 -1.58186166  0.05061029]],0.0
[[ 1.84412712  0.5467211  -0.05994726]],2.0
[[-0.40639436 -2.12389208 -0.71621566]],4.0
[[-0.22239918  1.37391446 -0.18809035]],0.0
[[-0.513338   -0.92749037 -0.18838146]],0.0
[[-1.15877867 -0.25363744 -0.31418631]],0.0
[[-0.85464857 -1.08597119 -0.00264659]],2.0
[[ -1.11022302e-16  -5.55111512e-16  -1.00000000e+00]],0.0
[[-3.1265324   0.2541731  -1.52566957]],33.0
[[  2.77555756e-16  -1.11022302e-16  -1.00000000e+00]],0.0
[[ 0.89645041 -0.84584927 -0.20271955]],0.0
[[-1.72185252 -0.08038513  0.02754671]],0.0
[[ 1.92866982  0.16211537 -0.25304782]],0.0
[[ 1.45599454  0.33778165 -0.28717351]],0.0
[[-0.77449917  0.40599609 -0.43283539]],0.0
[[ 1.81772134 -0.58144761  0.16351485]],0.0
[[ 2.12943719 -0.79351452 -1.7455171 ]],11.0
[[ 0.05283978 -1.16632423 -0.72235035]],0.0
[[-0.66067761  1.66802698 -0.1923205 ]],0.0
[[-2.02850604 -2.02025977 -0.2627798 ]],2.0
[[-1.1652617   2.14242208 -1.18352962]],7.0
[[ 1.16160333 -1.3558631  -0.90477542]],0.0
[[ 1.69700919  0.56240162 -0.37325466]],0.0
[[ 1.92008726  2.44312888 -1.0143933 ]],11.0
[[-0.2271188  -1.13201975 -0.46794812]],0.0
[[-0.44606236 -2.36652303 -1.83334142]],11.0
[[ 2.91302304 -0.20181537 -2.59636963]],40.0
[[-0.27934703  1.2444624  -0.19278241]],0.0
[[  0.00000000e+00   1.11022302e-16  -1.00000000e+00]],0.0
[[ 1.42805277  0.25723106 -0.42427526]],0.0
[[ 0.51343308 -1.68934524 -0.32463532]],0.0
[[ 0.70173113 -1.31049049  0.08310699]],0.0
[[-0.54892706  1.31307161 -0.28327096]],0.0
[[-0.95521426  1.06773627 -0.75181712]],2.0
[[ 0.37018121  1.3057462  -0.59494514]],2.0
[[ 0.53778232  1.09161688 -0.38642656]],0.0
[[-0.24551707  1.09190204 -0.73336016]],2.0
[[ 1.48710671  0.63628305 -0.41603072]],0.0
[[ 0.75543359  1.39786995 -0.27971377]],0.0
[[-1.42191271 -0.6290133  -0.57327707]],0.0
[[-1.96092195 -0.44639304 -1.81958934]],15.0
[[ 0.9297558  -0.12206329 -0.71238891]],4.0
[[-0.99480135 -0.04178932 -0.81649517]],0.0
[[ 1.46959886  1.39897585 -0.02970918]],2.0
[[ 0.67827888 -1.64478647 -0.52160931]],0.0
[[-0.61578312 -0.85864242 -0.77639655]],2.0
[[ 2.81092473 -1.07624905 -1.57483069]],25.0
[[ 1.24139155 -1.01022997 -0.02736948]],0.0
[[ 0.48294399 -2.92473349 -1.61158903]],19.0
[[ 1.00462717  5.71273693 -0.04366424]],56.0
[[-0.98817803 -0.15369174 -0.6245343 ]],0.0
[[ 1.29216066  0.44207143 -0.53327655]],0.0
[[ 1.87688381 -1.55228818 -0.18203596]],0.0
[[ 0.94215324 -0.81903471 -0.04551384]],0.0
[[-1.48087608 -0.28189132 -0.06664653]],0.0
[[-3.84060328 -0.02534001 -2.84769166]],22.0
[[ 2.16198554 -0.57439424 -1.66823401]],9.0
[[-1.21349083 -0.6316051   0.19874324]],0.0
[[-0.91058232 -0.76735929 -0.72580708]],0.0
[[  8.88178420e-16  -4.44089210e-16  -1.00000000e+00]],0.0
[[ 2.78140172  1.19907737 -0.69194151]],4.0
[[  5.55111512e-17  -4.30211422e-16  -1.00000000e+00]],0.0
[[-0.9789274   0.79915371 -0.25186736]],0.0
[[-0.2778886   1.58162401 -0.28442786]],0.0
[[ 1.55666168 -1.45510372 -0.48206829]],0.0
[[ 1.33906825 -1.09505566 -0.07220841]],0.0
[[ 2.8441226   0.738483   -1.86393452]],9.0
[[  5.55111512e-17   1.11022302e-16  -1.00000000e+00]],0.0
[[-0.39988429 -1.41988508 -0.51289891]],0.0
[[-1.05759524 -0.58641434 -0.22219286]],0.0
[[ 0.73040291  0.60893992 -0.58849541]],0.0
[[ 0.36231602  1.59234481 -0.28945836]],0.0
[[ 0.45982624 -1.47586346  0.19979732]],0.0
[[  1.72084569e-15  -1.11022302e-16  -1.00000000e+00]],0.0
[[ 1.49220054 -0.54821633 -0.17590523]],0.0
[[-1.57491127 -0.894865   -0.49540303]],6.0
[[ 1.33407263 -0.50581334 -0.10423785]],0.0
[[ 1.14498107 -0.07326176 -0.50570348]],0.0
[[ 1.62603262 -1.28827847 -0.33074727]],0.0
[[-1.42168107  0.99011592 -0.53646721]],0.0
[[ -1.94289029e-16   0.00000000e+00  -1.00000000e+00]],0.0
[[ 2.11767878 -2.34634836 -0.19737904]],14.0
[[ 0.36455961  2.56632538 -1.19493126]],19.0
[[ 1.66998373 -0.12838456 -0.10078982]],0.0
[[-1.26712552 -0.0685253  -0.51074929]],2.0
[[ 0.46581282 -2.03325018 -0.64121287]],0.0
[[ 1.03288111  1.12645346  0.17746232]],0.0
[[-1.81135937  1.10301758 -0.05700712]],2.0
[[ 0.229756   -3.33372934 -1.3243331 ]],21.0
[[ 1.46519749 -0.7558454  -0.47651851]],0.0
[[ 2.24643501  2.00083431 -1.0868804 ]],11.0
[[-0.72035988  1.5942396   0.17601487]],0.0
[[ 0.41079901  1.86345559 -0.40411126]],0.0
[[-1.34136464  0.89159527 -0.55568741]],2.0
[[-1.85778885  2.11569114  0.01204594]],6.0
[[ 2.1459993  -0.79123353 -0.36388849]],0.0
[[ 0.57666659 -2.05732084 -0.6195052 ]],0.0
[[-1.36964511  0.05538112 -0.39884584]],0.0
[[-0.87447076  0.83899632 -0.45836201]],0.0
[[ 3.46022631  0.08545494 -3.13403138]],34.0
[[ 1.631303   -1.93686859 -0.00195667]],4.0
[[ 1.7008019   0.10418247  0.0460385 ]],0.0
[[ 1.21976174 -2.16128701 -1.89464654]],7.0
[[ 0.58396377 -1.55142186 -0.22953495]],0.0
[[ -5.55111512e-16   5.55111512e-17  -1.00000000e+00]],0.0
[[-1.23341707 -0.28652198 -0.05121943]],0.0
[[  8.88178420e-16   2.77555756e-17  -1.00000000e+00]],0.0
[[ 1.44701433  0.48503368 -0.31782367]],0.0
[[ 0.99527548  1.43456373  0.01063066]],0.0
[[ 1.56969688  1.05970713 -1.84757977]],7.0
[[ 0.73756777  0.73129683 -0.62121598]],0.0
[[-0.98449323 -1.84659875 -1.36244085]],5.0
[[  1.66533454e-16   0.00000000e+00  -1.00000000e+00]],0.0
[[-1.08841362 -0.32160514 -0.96010857]],0.0
[[-0.81483006  1.38856199  0.13500168]],0.0
[[ 0.80941763  0.82004027 -0.87721438]],0.0
[[-1.34791684  1.34826926 -1.71517093]],5.0
[[ 0.45200644  1.65597677  0.17067406]],0.0
[[-1.90176483 -0.01288349 -0.22705381]],0.0
[[-0.18051045  1.33387591 -0.13738614]],0.0
[[ 1.14437308  0.93468233 -0.11753164]],0.0
[[-0.15489995 -0.63466816 -0.70915286]],0.0
[[ 0.99621197 -0.87643185 -0.08351374]],0.0
[[  3.33066907e-16   1.11022302e-16  -1.00000000e+00]],0.0
[[-1.38811412 -0.17051217 -0.19564261]],0.0
[[ 0.36129    -1.30824018 -0.39898025]],0.0
[[-1.17760905  1.84825815 -0.29160863]],0.0
[[ 0.39581759 -1.05706378 -0.26880731]],0.0
[[-0.45619525 -0.66987265 -0.45509345]],0.0
[[-2.77016511 -1.31550232 -1.31392712]],9.0
[[-0.29785008 -0.73625234 -0.76175774]],0.0
[[-1.54689409  1.00053564 -0.17310606]],0.0
[[-1.20181519  0.85672337 -0.62167212]],0.0
[[-1.03188421  2.79266347 -1.90879546]],9.0
[[-0.79708357 -1.3629004  -0.78277741]],0.0
[[-0.52135422 -1.82358635 -0.33135383]],2.0
[[-1.11062662  1.95717198 -1.68128361]],9.0
[[ 0.70044305  1.28278122 -0.65711539]],0.0
[[-1.02803036  2.12735878 -0.91814479]],0.0
[[-1.37825777  0.37650135 -0.6508941 ]],0.0
[[-0.03575004 -1.3429218  -0.16717376]],0.0
[[ 1.5766862  -0.1596267  -0.30093311]],0.0
[[ 0.58707615  0.98131199  0.23048053]],0.0
[[ 0.18856909  1.7731678  -0.19346072]],0.0
[[ 1.70405373  2.10224382 -0.63354572]],6.0
[[-0.73318441  2.49691258 -1.31051201]],15.0
[[ 1.20608945  0.82619119 -0.90249408]],0.0
[[ 1.29328409 -1.9993931  -0.04472107]],6.0
[[-1.44851168 -0.29880746 -0.76388059]],0.0
[[-0.39231237 -1.29397052 -0.01021725]],0.0
[[-0.70285865  0.55418632 -0.4419212 ]],0.0
[[-0.77213306 -3.62633919 -1.42546948]],15.0
[[ 1.66196116  1.30186045 -0.06949361]],0.0
[[-0.71446011  1.78233633 -0.13292565]],0.0
[[ 0.57726034  0.91936103 -0.60545132]],0.0
[[-0.62062079 -0.31307453 -0.52111795]],0.0
[[ 0.37382794  1.12627624 -0.53981051]],0.0
[[ 1.67359548  0.29389934 -0.53766613]],0.0
[[-0.59398378  0.99629946 -0.23636774]],0.0
[[-0.54636271  0.82524716 -0.29399631]],0.0
[[-0.58843763 -1.44104605  0.24082153]],0.0
[[ 1.14608864  0.86411223 -0.18476528]],0.0
[[ 1.27647828  0.74918047 -0.17687286]],2.0
[[ 0.0261748   1.42017974 -0.59069639]],0.0
[[-1.06296663  0.33088443 -0.50613035]],0.0
[[-1.14494385 -0.37050922 -0.12481267]],0.0
[[-1.27639655  0.66716029 -0.31482613]],0.0
[[ 0.03939827 -1.55136896 -0.23007174]],0.0
[[-0.70826444 -0.69959705 -0.24992001]],0.0
[[ 0.09080288 -1.36168936 -0.31309155]],0.0
[[-0.33328582  1.28496332 -0.34003287]],0.0
[[-0.93926778 -1.43607101 -1.87487078]],5.0
[[-0.13193245  2.1340501  -0.20389354]],0.0
[[-0.27417071  1.25228982 -0.41014912]],0.0
[[ 0.50908891  1.42925231 -0.41815948]],0.0
[[ 0.95856302  0.41569129 -0.56324974]],0.0
[[-3.00235316 -0.76647424 -1.51333867]],11.0
[[-1.101368   -1.21939745 -0.54330162]],0.0
[[ 0.34487069  1.70313711  0.02556055]],0.0
[[-1.10170672 -0.37829256 -0.18448747]],0.0
[[-0.16895445 -1.17175045 -0.40630379]],0.0
[[-1.16594705  5.09959994 -1.70542744]],31.0
[[-0.46250091 -0.62286552 -0.66229522]],0.0
[[-0.65036363  1.18282229 -0.1540266 ]],0.0
[[ 1.02851818 -0.95848701  0.19900791]],0.0
[[-0.12988866  1.49365189 -0.02727822]],0.0
[[ -1.11022302e-16   1.11022302e-16  -1.00000000e+00]],0.0
[[ 1.91598426  0.27760582 -0.07076292]],2.0
[[-0.20711861  1.37360297  0.00389971]],0.0
[[ 1.78091163 -0.69940726 -0.21904391]],6.0
[[ 3.55559825  0.19437637 -1.17366953]],19.0
[[ 0.26806523  1.5669263  -0.59215173]],0.0
[[ 0.62521409  0.94556091 -0.41962947]],0.0
[[ 0.05310624 -1.616712   -0.08208233]],0.0
[[ 0.93687809  1.13266406 -0.76396198]],2.0
[[ 1.53832324  2.98194603 -1.29548922]],21.0
[[-0.53598997  2.1311649  -1.85538831]],9.0
[[-1.28360885  0.69217413 -0.69192913]],0.0
[[-1.19689149  1.15984931 -0.38371407]],2.0
[[-0.9655194  -1.60813822 -0.7395578 ]],4.0
[[-0.03222873  3.10772611 -1.54702694]],19.0
[[  1.24900090e-16  -1.66533454e-16  -1.00000000e+00]],0.0
[[  5.55111512e-17  -4.16333634e-16  -1.00000000e+00]],0.0
[[-0.84389603 -0.52036366 -0.90975711]],0.0
[[-1.05080181 -1.53629525 -0.25820246]],0.0
[[-0.22208907  1.57767429  0.01694292]],0.0
[[ 1.67923932  2.12507694 -0.31194331]],8.0
[[ 1.29393869 -0.6676042  -0.28911205]],0.0
[[-0.97827983  0.34391512 -0.65269821]],0.0
[[ 2.61393673 -0.25971815 -1.86617105]],11.0
[[-0.29111837 -1.33307145 -0.10284725]],0.0
[[ 1.4033757   0.20898596 -0.18048024]],0.0
[[ 1.21238202  1.94125795 -0.73549583]],2.0
[[-0.5910332   6.92409235 -1.08940492]],87.0
[[-1.74172024  1.4526388  -1.78387843]],7.0
[[ 1.14777754 -1.07049724  0.28293029]],0.0
[[ 0.54973715  2.67896901 -0.6238538 ]],8.0
[[ 2.97738235 -4.8100788  -3.54772833]],105.0
[[-2.59213796  0.50301051 -1.29483814]],7.0
[[-1.06638446 -0.10847133 -0.7308897 ]],0.0
[[-2.873819    0.97911611 -2.86425162]],14.0
[[-0.06877201 -1.22801787 -0.10154838]],0.0
[[-3.44142889  1.09954407 -0.15754829]],20.0
[[-1.98554534  0.61093754 -0.42595142]],0.0
[[-1.18530129  1.44819069  0.05127252]],0.0
[[ 1.47394837 -0.27239112 -0.11746753]],0.0
[[-1.43452196 -0.40376537  0.00680571]],0.0
[[ 0.90489667  2.38400585 -0.22134591]],0.0
[[  1.11022302e-16  -5.55111512e-17  -1.00000000e+00]],0.0
[[-1.0767947   0.41527565 -0.61501269]],0.0
[[ 2.83444961  2.44820385 -0.45248262]],28.0
[[-1.07469662 -1.84245545 -1.54519832]],7.0
[[ 0.96500809  1.78664153 -0.285268  ]],0.0
[[ 2.14957813  2.40262375 -1.14093922]],11.0
[[ 1.80923393 -0.11786031 -0.4538917 ]],0.0
[[-1.2801842  -0.81350961 -0.43709465]],0.0
[[ 0.18944934  1.60807187 -0.97010143]],4.0
[[ 1.06330009 -1.27052922 -0.46421258]],0.0
[[ 1.34296374 -0.69570786 -0.32915382]],0.0
[[ 1.86123511  1.65968664 -0.51863764]],6.0
[[-1.57578939 -0.34641378 -0.26554826]],0.0
[[-1.31477539 -0.35887567 -0.27463198]],0.0
[[  8.32667268e-17  -1.11022302e-16  -1.00000000e+00]],0.0
[[-3.27251526  1.7829868  -1.35315683]],23.0
[[ 0.91855366 -3.83341205  0.22012338]],12.0
[[-0.88374781  1.16432579 -0.42063217]],0.0
[[ 2.2486802  -0.81404607 -1.73492266]],9.0
[[-0.31380526 -1.12993729 -0.49096876]],0.0
[[ 3.05703454  0.13318115 -1.65809706]],13.0
[[ 1.13175971  0.14616794 -0.43625331]],0.0
[[ 0.19604966 -1.29864374  0.07131789]],0.0
[[ 3.00498554  0.18001295 -1.26277992]],13.0
[[ 1.34043323  1.34648553 -1.79905391]],9.0
[[ 0.2778857  -0.96483812 -0.45078214]],0.0
[[ 1.64743813  1.21953156  0.06067229]],0.0
[[-1.50848625 -0.27148482  0.22476743]],0.0
[[-0.68197588 -0.92317468 -0.52123966]],0.0
[[ 0.51974537  0.68510459 -0.75334021]],0.0
[[-3.05492204 -3.91325664 -0.37905534]],20.0
[[ 0.05213751  0.80948477 -0.55218517]],0.0
[[-0.82424982  0.75927401 -0.78193781]],0.0
[[-1.26512109  0.48384769 -0.20528691]],0.0
[[-1.18921983 -1.04357654 -0.40272016]],0.0
[[ 0.14440926  1.42235244 -0.2648027 ]],0.0
[[ 0.27421098 -1.28822956 -0.28224326]],0.0
[[ 0.55367305  0.85144358 -0.70068954]],0.0
[[-1.52938704 -0.09275092 -0.63865158]],2.0
[[ 0.86090894 -1.59084932 -0.60617295]],0.0
[[ 2.48480391  1.79327846 -0.11212622]],16.0
[[ 0.98564039  1.2003915  -0.18933817]],0.0
[[-1.43277161 -0.74331885 -0.53491528]],0.0
[[-0.33841878  0.79007283 -0.67773662]],0.0
[[-1.30938253 -0.02946105 -0.2060767 ]],0.0
[[-0.01496451  1.76728837 -0.2697625 ]],0.0
[[-1.746551    1.16984613 -1.50965512]],7.0
[[ 2.24156383 -0.64398143 -1.25895972]],5.0
[[  5.55111512e-17   2.77555756e-17  -1.00000000e+00]],0.0
[[ 0.83921602 -1.98644633 -0.60272511]],0.0
[[-1.49859076 -1.57005909 -1.82329913]],13.0
[[-1.32397998  0.04350681 -0.03903871]],0.0
[[-0.04834055 -1.29883011 -0.27526649]],0.0
[[-1.15324042 -0.84501898 -0.4354579 ]],0.0
[[ 1.39571723  3.42300764 -1.27932598]],23.0
[[  1.11022302e-16  -3.33066907e-16  -1.00000000e+00]],0.0
[[ 1.4023927   0.33789745  0.00346988]],0.0
[[-0.8493861   1.78494434 -0.36434128]],0.0
[[-2.3202323  -0.15705109 -1.81861424]],25.0
[[ 0.36212982  0.52021387 -0.69982138]],0.0
[[ 2.13188143 -2.48360111 -1.09856156]],9.0
[[ 0.54891873  0.55755431 -0.5408163 ]],0.0
[[-1.35106599  0.05496774 -0.52335443]],0.0
[[ 1.68377697 -0.15584693  0.23366655]],0.0
[[-1.45289085 -2.71832019 -0.51234785]],10.0
[[ 2.89936857  0.4184697  -1.9290876 ]],11.0
[[-0.20630774 -2.10012283 -0.99937974]],0.0
[[ 0.19957324  1.76961456 -0.21434597]],0.0
[[ 0.51712576  1.42019041  0.01760613]],0.0
[[-0.78225129  1.18392029 -0.26519615]],0.0
[[  1.11022302e-16   1.11022302e-16  -1.00000000e+00]],0.0
[[-0.59220242 -1.24555334 -0.65312854]],0.0
[[-2.74625361 -1.31308216 -1.53440352]],9.0
[[ 0.24995996 -0.97082932 -0.6245631 ]],0.0
[[-1.95484169  0.78807238  0.25686047]],0.0
[[-0.73711767  1.222234   -0.281187  ]],0.0
[[ 1.27139776 -1.10380613 -0.96272997]],0.0
[[ 0.02815524 -1.11333077 -0.57397851]],0.0
[[-1.3785459  -3.14641152 -1.1476896 ]],19.0
[[-0.57179125 -2.99407667 -1.29398882]],17.0
[[ 0.86035893 -0.4591185  -0.55365982]],0.0
[[-0.77918748  0.95814712 -1.1195317 ]],0.0
[[-1.05985087  1.11382916 -0.18891308]],0.0
[[-2.51011464  1.91253302 -0.14793763]],10.0
[[ 0.74135072  0.7317369  -0.69421184]],2.0
[[-0.50324925 -1.2390025  -0.63449923]],0.0
[[-1.45172532  0.37348283  0.22544861]],0.0
[[-0.60537424 -1.52696207 -0.21812139]],0.0
[[ 0.01716151 -1.36450754 -0.12198085]],0.0
[[-0.25612005 -1.31173328 -0.0583944 ]],0.0
[[ 2.47192187  1.13038068 -2.84114754]],30.0
[[ 1.34142701 -0.8274703   0.05435024]],0.0
[[ 1.85819756  0.17230131  0.17507317]],0.0
[[-0.46656478 -1.14784662 -0.580744  ]],0.0
[[ 0.48823629 -1.50270566 -0.02181348]],0.0
[[ 0.40775823  1.72368345 -0.5000792 ]],0.0
[[-1.14733578  0.03386276 -0.42168423]],0.0
[[ 1.55912318  0.45555154 -0.67345886]],2.0
[[-0.81562958 -0.85498604 -0.45782802]],0.0
[[ -5.55111512e-17   0.00000000e+00  -1.00000000e+00]],0.0
[[ -1.66533454e-16  -1.38777878e-17  -1.00000000e+00]],0.0
[[ 0.38080882 -1.40392853 -0.43043591]],0.0
[[ 2.44173731  1.14296541 -1.81977027]],15.0
[[-0.89953533 -0.58769683 -0.85612219]],0.0
[[ -1.66533454e-16   2.49800181e-16  -1.00000000e+00]],0.0
[[ 0.64759823 -1.33302826 -0.05143349]],0.0
[[-0.25605576 -1.37000187 -0.29843418]],0.0
[[-1.29811155  0.68302944 -0.53661688]],0.0
[[-1.70621482  0.42368258 -0.35993476]],2.0
[[ 0.20507694 -1.01098503 -0.70007091]],0.0
[[-1.43225705 -1.67979578 -1.846738  ]],7.0
[[ 1.49936622  1.08728596 -0.62346298]],0.0
[[ 0.41296493 -2.52670989 -1.4753848 ]],11.0
[[ -1.11022302e-16   0.00000000e+00  -1.00000000e+00]],0.0
[[-1.34188281 -1.17119238 -0.59945406]],4.0
[[ 1.40926814  0.05652715 -0.43684296]],0.0
[[ -9.71445147e-17   5.55111512e-17  -1.00000000e+00]],0.0
[[-0.60285359 -1.01008926 -0.09159015]],0.0
[[-0.78384639  0.65951612 -0.71906409]],0.0
[[ 1.28712063 -0.29643732 -0.28341611]],0.0
[[ 0.74779321 -1.00171349 -0.05550131]],0.0
[[ -1.11022302e-16   2.22044605e-16  -1.00000000e+00]],0.0
[[-1.32596023  0.41253678 -0.27131607]],0.0
[[-0.45142627 -6.61611583 -4.76989715]],140.0
[[-1.24886296 -0.42421374 -0.44147971]],0.0
[[-0.86657367  1.02766162 -0.26167959]],0.0
[[-1.55277686  0.04969829 -0.54378415]],0.0
[[-0.98561605  0.88495485 -0.07689168]],0.0
[[-0.03887121  1.62259136 -0.8369749 ]],6.0
[[-1.02582559  0.78287583 -0.23135496]],0.0
[[-1.0628202  -0.9394123  -0.27846836]],0.0
[[ 1.56448564 -0.0104407  -0.205881  ]],0.0
[[-0.16184408 -1.00832179 -0.57997799]],0.0
[[  0.00000000e+00  -5.55111512e-17  -1.00000000e+00]],0.0
[[-0.46039207 -1.26309201 -0.33566345]],2.0
[[-1.40405645 -0.57953772 -0.36893806]],0.0
[[ 0.36522191  1.42118665 -0.81664401]],2.0
[[ 2.95338324  2.14074754 -1.5215714 ]],19.0
[[ 1.40436996 -0.90356347 -0.43792369]],4.0
[[  1.11022302e-16   2.22044605e-16  -1.00000000e+00]],0.0
[[-2.12865835 -0.57859514 -0.1770538 ]],0.0
[[  8.32667268e-17  -2.77555756e-17  -1.00000000e+00]],0.0
[[ 0.57121182 -0.95536031 -0.56676607]],0.0
[[ 0.95979179  0.33439236 -0.49129587]],0.0
[[ 0.73992861 -1.59063568 -0.08975717]],0.0
[[ 1.36482673 -0.33505797  0.40082804]],0.0
[[-0.1258299  -1.43661086 -0.18722847]],0.0
[[ 1.1962297   0.36244204 -0.62656087]],0.0
[[-2.17796988 -1.2587095  -0.06717226]],0.0
[[  0.00000000e+00  -5.55111512e-16   1.00000000e+00]],0.0
[[ 1.17254314 -0.37600729 -0.42298336]],0.0
[[-0.9701974   0.2567007  -0.47374922]],0.0
[[-1.90411984 -0.63292024 -1.37723105]],5.0
[[  2.22044605e-16   0.00000000e+00  -1.00000000e+00]],0.0
[[ 0.1534347  -1.43282548 -0.49195496]],0.0
[[-1.40586842 -0.98006134 -0.15261825]],0.0
[[ 0.18811897  2.43590763 -0.60208719]],0.0
[[-1.42901206 -0.3891074  -0.67988385]],0.0
[[ 0.28129194 -1.66382278 -0.19350185]],0.0
[[ 0.40791519 -1.29915577 -0.03636338]],0.0
[[-2.14133596  2.47432439 -1.00354302]],13.0
[[-2.44175333 -3.82954976 -1.09136313]],27.0
[[-0.28771357 -2.30778829 -1.80797027]],11.0
[[ -6.10622664e-16  -3.60822483e-16  -1.00000000e+00]],0.0
[[ 1.06019381 -0.44435326 -0.45078639]],0.0
[[ 1.73197817  1.82784225 -0.96215769]],7.0
[[-1.22739822 -0.48071762 -0.83887947]],0.0
[[  0.00000000e+00  -5.55111512e-17  -1.00000000e+00]],0.0
[[-0.49517858 -0.52118978 -0.49324484]],0.0
[[ 0.03501292 -1.43909224  0.01913562]],0.0
[[-1.2263471  -0.63292468 -0.55167873]],0.0
[[ 0.20625789 -1.45261881 -0.47539423]],0.0
[[-5.80416207  4.38049514 -0.86872804]],121.0
[[ 0.01944671  1.2110178  -0.14042955]],0.0
[[ 1.73623672  1.51577148 -1.08732321]],0.0
[[-1.35495397  0.19848568 -0.29950986]],0.0
[[ 0.34584312  1.17467774 -0.40137136]],0.0
[[-1.21253662 -0.83820083 -0.16627435]],0.0
[[ 0.41451407 -1.61045021 -0.805888  ]],2.0
[[  5.55111512e-17   1.38777878e-17  -1.00000000e+00]],0.0
[[-1.50428046 -2.85212735 -0.40695915]],22.0
[[  2.22044605e-16  -5.55111512e-17  -1.00000000e+00]],0.0
[[-0.48193965  1.44098097 -0.38448029]],0.0
[[-0.40527387  1.278009   -0.15422169]],0.0
[[-2.85278524  2.26745183 -0.21746855]],10.0
[[-0.08702965 -4.65121496 -2.53239396]],50.0
[[-0.91024795  0.42256691 -0.4146053 ]],0.0
[[ 2.41555556  0.13815776 -1.74475813]],9.0
[[-0.99466815 -0.74329686 -0.71775943]],0.0
[[ 0.77910514 -0.73446761 -0.14036226]],0.0
[[-1.55715039 -0.31204353 -0.16790794]],0.0
[[-1.55992593 -0.52979063  0.00212464]],0.0
[[-1.03138166 -0.45288917 -0.58428329]],0.0
[[ 1.13722003  0.55461137 -0.4643866 ]],2.0
[[-1.35906152  0.05255983 -0.06936487]],0.0
[[ 1.16269368 -0.52436116 -0.71634102]],0.0
[[-0.95869653 -1.2997186  -0.17848721]],0.0
[[  5.55111512e-17   1.11022302e-16  -1.00000000e+00]],0.0
[[-2.7224982  -2.07930802 -0.05089022]],14.0
[[-1.45563826 -0.25079181 -0.66475062]],0.0
[[ 0.55435239 -1.19879588 -0.87307121]],4.0
[[-0.37237222  1.70501956 -0.29725803]],0.0
[[ 2.60198841 -1.26495294 -0.33225675]],6.0
[[ 1.6895393   0.36014636 -1.89928974]],9.0
[[ 1.07205322 -0.60672094 -0.73046373]],2.0
[[ 0.51157886  0.87450044 -0.81225571]],0.0
[[ -3.33066907e-16   1.11022302e-16  -1.00000000e+00]],0.0
[[  2.22044605e-16  -5.55111512e-17  -1.00000000e+00]],0.0
[[ 2.330935   -0.11860369  0.16045375]],2.0
[[-0.29805784  0.97971266 -0.74847207]],2.0
[[ 2.09611884  0.45545739 -1.67713099]],7.0
[[ 0.57776891 -3.65222436 -2.59917905]],38.0
[[ 0.53064834 -1.40450786 -0.48328807]],0.0
[[-4.45732061 -3.23782134 -2.80439876]],58.0
[[ 1.6098764  -1.22054504 -0.26905481]],0.0
[[ 0.02863558 -1.68597537 -0.03030384]],0.0
[[-0.69984462  0.87577939 -0.59007105]],0.0
[[ 0.14522699  0.92774821 -0.55066037]],0.0
[[-0.61523566  0.38574101 -0.73547363]],0.0
[[-0.61514524 -0.81162789 -0.33336067]],0.0
[[-1.07219252  0.12705975 -0.6399467 ]],0.0
[[ 0.23080797  1.26976972  0.10202957]],0.0
[[-3.24731085  2.21889009 -1.67358276]],21.0
[[-0.30603673 -1.38971112 -0.32098588]],0.0
[[-0.44191019  1.2061407  -0.139063  ]],0.0
[[-0.91006604 -0.28335932 -0.601948  ]],0.0
[[-0.64979619 -0.58815773 -0.46689069]],2.0
[[ 1.30900648  2.86388269 -1.8132126 ]],11.0
[[ 0.41311519 -1.11509819  0.08540364]],0.0
[[-1.18934018 -0.39814324 -0.74187445]],2.0
[[-1.13138714  0.90435554 -0.15191627]],0.0
[[-2.68784437 -0.12677982 -1.27635397]],7.0
[[ 1.9003882  -0.42366041 -0.83188393]],8.0
[[-1.17230506  0.27640475 -0.52304339]],0.0
[[-2.21565099 -0.05212641 -0.41009482]],0.0
[[-0.72722422  1.49888987 -0.24413598]],0.0
[[ 2.62824661 -3.2536345   0.03895583]],16.0
[[-1.47597381  0.31625264 -0.23651761]],0.0
[[-1.02143128 -1.0114548  -0.28221798]],0.0
[[-0.61274477  1.23822687 -0.53386316]],0.0
[[ 0.18181331 -2.15672653 -1.72626593]],7.0
[[-1.13989752 -0.81710106 -0.02103223]],0.0
[[ 1.14288264 -1.00106966 -0.67174315]],0.0
[[-1.53039046  1.10783224 -0.19376295]],4.0
[[ 0.50240528  2.95382379 -1.75835568]],11.0
[[ 3.2837298  2.4423048 -1.4372941]],21.0
[[-0.52914428  0.5334727  -0.60653619]],0.0
[[-0.3558938  -1.17761129 -0.57185565]],0.0
[[  2.22044605e-16  -2.77555756e-17  -1.00000000e+00]],0.0
[[-0.46936064 -1.44270786 -0.10794858]],0.0
[[-0.47066757 -1.16058799 -0.61203114]],2.0
[[ 1.9146325   0.35952427  0.26022224]],0.0
[[-0.5579264   0.90086514 -0.10584885]],0.0
[[ 1.15140981 -0.67121276 -0.17866215]],0.0
[[-1.20010327 -0.91357042 -0.59123363]],2.0
[[-0.5217621   0.76966514 -0.87660064]],0.0
[[-1.98224285  0.09959819 -0.88608732]],2.0
[[-0.53450023  1.16260319 -0.20319908]],0.0
[[ 1.50493645 -0.45369069 -0.72515583]],2.0
[[ 0.01685783  1.97226443 -0.6661686 ]],0.0
[[-2.33032734  1.56427627 -1.71965408]],11.0
[[ 1.20464775 -0.06868147 -0.16080886]],0.0
[[-0.14471299 -1.04683615 -0.70269631]],0.0
[[ 0.16464195  1.28617928 -0.27809827]],0.0
[[ 2.07023771 -2.90818169 -1.54519038]],27.0
[[ 0.40777531  3.59340299 -1.05255852]],15.0
[[ 2.79691399 -4.27360859 -1.36389211]],47.0
[[-0.78561854 -0.88681137 -0.78882547]],2.0
[[ 1.67167444  1.11393606 -0.11210513]],2.0
[[-0.59701442  1.43450838 -0.02028345]],0.0
[[-0.9578766   0.85748561 -0.31176553]],0.0
[[-1.39440148  1.2097166  -0.85437178]],0.0
[[-0.57618744 -0.47973039 -0.49044227]],0.0
[[-2.29719683  1.07433967 -0.52372581]],4.0
[[-3.78934953 -0.88612857 -1.39290851]],17.0
[[-1.92975793 -1.89508634 -1.75132722]],9.0
[[ 0.71641952 -0.89902766 -0.16792919]],0.0
[[ 0.50837844  0.5938204  -0.63182828]],0.0
[[  9.71445147e-17   0.00000000e+00  -1.00000000e+00]],0.0
[[  5.55111512e-17  -5.55111512e-17  -1.00000000e+00]],0.0
[[ 0.05520273  0.91512448 -0.70006002]],0.0
[[-3.44959085 -0.67156048 -0.96390931]],11.0
[[-0.81388824 -1.03365836  0.32216415]],2.0
[[ 1.61009262  0.51180564  0.0307731 ]],0.0
[[  0.00000000e+00   1.11022302e-16  -1.00000000e+00]],0.0
[[ -5.55111512e-17   1.11022302e-16  -1.00000000e+00]],0.0
[[-0.87138558 -0.90222444 -0.03936162]],0.0
[[ 0.84656634 -0.59432651 -1.04641071]],0.0
[[ 1.30898293 -0.06860014 -0.27644848]],0.0
[[ 2.78664138 -0.1750033  -1.30292018]],13.0
[[-0.33836255  1.25236129 -0.24190448]],0.0
[[-0.60171144 -1.03941878 -0.08248897]],0.0
[[-0.85249694  0.12288302 -0.60173786]],0.0
[[ 1.32171796  0.70985059 -0.26875272]],0.0
[[-2.13760858 -4.94584098 -1.22341703]],51.0
[[-0.12944156  1.30718776 -0.79679988]],2.0
[[ 1.27573611 -0.6027662  -0.64701332]],0.0
[[-1.41404539  1.60774445 -0.34612096]],0.0
[[-0.15933128 -2.05913776 -0.48484999]],0.0
[[ 0.63641232  0.53073861 -0.72644676]],0.0
[[ 0.07962726 -1.41911983 -0.48088027]],0.0
[[ 0.06315997  1.45936658 -0.41668168]],0.0
[[ 0.0673982  -1.11493682  0.03028364]],0.0
[[ 0.40407849  1.21689764 -0.0373045 ]],0.0
[[ 1.09790362 -0.62602055 -0.14369427]],0.0
[[-0.39510675 -2.0979269  -0.41966298]],0.0
[[ 1.59675242 -0.66632556 -0.56699141]],0.0
[[-0.34141761  1.08394322 -0.81336585]],2.0
[[ 1.50501439  0.39734349  0.13215056]],0.0
[[-1.58463584  0.10442472 -0.80821501]],0.0
[[-0.84624431 -1.15251316 -0.5941199 ]],0.0
[[ 0.6575337  -1.71275197 -0.67485368]],0.0
[[ 1.35847085 -2.07468793 -0.66176143]],6.0
[[ 1.07936676  1.97509944  0.03674925]],0.0
[[ 0.99290561 -2.36151789 -0.753553  ]],0.0
[[ 1.26655636 -0.24026898 -0.24401248]],0.0
[[-1.24491185 -0.4540446  -0.20930528]],0.0
[[-1.37151264  4.17438187 -2.53059219]],20.0
[[  2.22044605e-16   2.77555756e-17  -1.00000000e+00]],0.0
[[ 1.67892992 -0.37809245 -0.27072775]],0.0
[[-1.02261949  0.41264017 -0.11639629]],0.0
[[ 2.17196559  0.37341388 -1.41601759]],5.0
[[  2.77555756e-16  -1.11022302e-16  -1.00000000e+00]],0.0
[[ 1.75607266  2.04667808 -0.54628833]],0.0
[[-0.97296215  0.40388448 -0.36667278]],0.0
[[-0.81894547 -0.43943882 -0.9008262 ]],2.0
[[-0.32924586  1.39591693 -0.5229488 ]],0.0
[[ 0.82192723  1.25966034 -0.09319635]],0.0
[[ 1.00266946  0.67622928 -0.59578572]],0.0
[[-1.02982746 -1.1909853  -0.33273424]],0.0
[[ 1.35201224  0.26605087  0.32493796]],0.0
[[ 3.73387339  2.01547561 -2.32893879]],68.0
[[ 1.66959598  0.48769712 -0.42916282]],0.0
[[ 1.40294407  0.20553696 -0.09280591]],0.0
[[-1.3030995  -0.20496161 -0.95556795]],0.0
[[-1.29155961  0.95173926 -0.32997281]],2.0
[[-0.3931923   2.47465633 -1.36354779]],9.0
[[ -1.38777878e-16  -5.55111512e-17  -1.00000000e+00]],0.0
[[-1.98372604 -0.49328715 -0.12112869]],0.0
[[-0.80350952  1.46243293 -0.26485792]],0.0
[[-1.45080637 -0.32571422 -0.14125088]],0.0
[[ 0.88884914 -0.07037756 -0.53940721]],0.0
[[ 1.14110824 -0.49190058 -0.6549    ]],0.0
[[-1.45071088  0.44137548 -0.49074467]],0.0
[[-0.93501998  0.41807378 -0.6394504 ]],2.0
[[ 1.43688782  0.07835764 -0.56125997]],0.0
[[-1.44978751 -0.23399958 -0.66234891]],0.0
[[ -4.44089210e-16   1.66533454e-16  -1.00000000e+00]],0.0
[[ 0.69047704  1.31393438 -0.69689562]],0.0
[[  0.00000000e+00  -9.99200722e-16  -1.00000000e+00]],0.0
[[-1.27898192 -0.36180552 -0.36149225]],0.0
[[-1.49762029  1.6643477  -0.2148073 ]],6.0
[[ 1.23257577 -0.81687378 -0.7081208 ]],4.0
[[ 0.11514931 -0.83960479 -0.66609449]],0.0
[[ 0.56952258  1.32101579 -0.38305078]],0.0
[[ 0.04833863 -1.20496875 -0.78403316]],2.0
[[-0.0536295   1.08920639 -0.66320234]],0.0
[[ -2.22044605e-16  -8.32667268e-17  -1.00000000e+00]],0.0
[[-1.82046182 -0.1182672  -0.32274779]],0.0
[[ 0.22790879  0.98237908 -0.59315965]],0.0
[[ 1.00875783 -2.35712123 -0.23629029]],0.0
[[ -2.22044605e-16   6.52256027e-16  -1.00000000e+00]],0.0
[[  5.55111512e-17   0.00000000e+00  -1.00000000e+00]],0.0
[[ 2.69981686  2.86863779 -1.33551606]],15.0
[[-2.33833481 -0.4635351  -1.5941371 ]],7.0
[[ 1.83464368  1.47099426 -0.05325133]],0.0
[[ 0.83204074  0.54024408 -0.93481145]],0.0
[[-1.62600244 -0.06875596 -0.4393096 ]],0.0
[[ 0.58063968  0.68375106 -0.57068534]],0.0
[[-0.17089476 -1.21449897 -0.54611184]],0.0
[[  0.00000000e+00  -1.33226763e-15  -1.00000000e+00]],0.0
[[-0.57053904  0.78883603 -0.55829402]],0.0
[[-1.64496071  0.2589383  -0.29771499]],0.0
[[ -7.77156117e-16   1.31838984e-16  -1.00000000e+00]],0.0
[[ 0.45118878  1.23856452 -0.60380133]],0.0
[[ 1.39658178  0.04791008 -0.0855255 ]],0.0
[[-1.80134161 -2.96032926  0.06511768]],10.0
[[ 0.71237779  1.37276907  0.01735983]],0.0
[[ 1.20787391 -1.5136023  -0.20974607]],0.0
[[ 1.29801808  0.44199024 -0.08423705]],0.0
[[ 0.13569447 -1.41643528 -0.3900392 ]],0.0
[[-1.3190574   0.03794377  0.11523929]],0.0
[[-2.25511326 -1.74947222 -0.40291962]],0.0
[[ 0.04326841 -1.45634942  0.19034323]],0.0
[[-0.31480354 -1.62004864 -0.40616637]],0.0
[[ 0.58428558  0.41725451 -0.73654872]],0.0
[[-0.10967729 -1.46139437  0.09505214]],0.0
[[-1.34359953  1.06023455 -0.08179549]],0.0
[[  3.88578059e-16  -8.04911693e-16  -1.00000000e+00]],0.0
[[  5.55111512e-17   9.71445147e-17  -1.00000000e+00]],0.0
[[-0.23902914  1.09467922 -0.41446595]],0.0
[[ 1.1977031  -0.1068993  -0.32584246]],0.0
[[-0.63890048  1.61633092 -1.32451587]],3.0
[[ 0.73464484 -1.51523717 -0.59031042]],0.0
[[-0.10790275 -1.24757874 -0.32492402]],0.0
[[ 1.54304791 -0.04652232 -0.02322894]],0.0
[[-0.91310267  0.9697362  -0.35733849]],0.0
[[ 0.77743221  1.65417452 -0.30652467]],0.0
[[-1.34740038 -0.57052126 -0.74055867]],0.0
[[-1.17908392  1.80093675 -0.37484655]],4.0
[[  2.08166817e-16   0.00000000e+00  -1.00000000e+00]],0.0
[[ 0.62766232  1.34784665 -0.27666688]],0.0
[[-1.42579598 -0.54821141 -0.96324449]],0.0
[[  0.00000000e+00  -1.11022302e-16  -1.00000000e+00]],0.0
[[ 1.2030109   1.99991226 -1.84166155]],7.0
[[-0.79461895 -0.30926433 -0.48185152]],0.0
[[ 1.6703725   0.23393157 -0.74079762]],2.0
[[ 0.82387715  0.5214201  -0.5424348 ]],0.0
[[ 0.33689304  1.21769799 -0.56369483]],0.0
[[ 1.38543415  0.24584034 -0.02708442]],0.0
[[-0.98524787  0.88647858 -0.74400697]],0.0
[[-0.99664626  0.46521261 -0.79390233]],2.0
[[-2.56813415 -0.01351485 -1.39169871]],11.0
[[ 1.96610523 -1.19075661 -0.01523206]],4.0
[[ 1.15000157 -0.30662778 -0.55276735]],0.0
[[ 1.13453438 -1.46037212 -0.42044233]],0.0
[[ 0.13150586  1.33335548 -0.02870901]],0.0
[[-0.13688574  1.43575504 -0.19211464]],0.0
[[-1.17123676 -0.02769295 -0.20173228]],0.0
[[-4.07636601  0.19504202 -1.03953598]],23.0
[[ 3.46466728  2.40843204 -0.68568731]],37.0
[[-1.10638582  0.19657823 -0.48112034]],0.0
[[ 1.18583214  0.28253756  0.2544834 ]],0.0
[[ 2.15426052 -2.0481987  -1.36061478]],13.0
[[-0.12871892 -1.71663545  0.09095697]],0.0
[[-1.39161931  1.17363114 -0.50788147]],0.0
[[-0.35230354  1.62910672 -0.03222897]],0.0
[[  1.11022302e-16   8.32667268e-17  -1.00000000e+00]],0.0
[[ 0.55833247 -1.26129231 -0.26554825]],0.0
[[ 1.86619233 -0.65790688 -0.36505166]],0.0
[[ -1.11022302e-16   3.60822483e-16  -1.00000000e+00]],0.0
[[ 0.99649365  0.06922755 -0.70310404]],0.0
[[-1.65644563  0.29941663 -0.11813997]],0.0
[[-2.11780445 -0.59145543 -1.76509738]],7.0
[[ 1.44334054 -0.98499965  0.01186313]],0.0
[[ 1.40231552  0.44599585 -0.0920587 ]],0.0
[[-0.2826673   1.31890919 -0.06462785]],0.0
[[-0.15038074 -2.44349355 -1.81440325]],9.0
[[-0.44947881  1.39137804 -0.381919  ]],0.0
[[-0.5265747  -1.30815697 -0.24645441]],0.0
[[ -1.11022302e-16   1.11022302e-16  -1.00000000e+00]],0.0
[[ 0.65909562  1.65052878 -0.37717861]],0.0
[[ 2.22102312  0.0523303  -1.78855969]],35.0
[[-0.15331648  1.89949797 -0.44407548]],0.0
[[ 1.35056434 -3.02309738 -1.46709699]],17.0
[[ 0.71865811  1.05727737  0.18128406]],0.0
[[-0.06618049 -1.91231616 -1.62921871]],5.0
[[ 0.44371795 -0.91647424 -0.34930221]],0.0
[[ 0.33201281 -0.96746752 -0.30718421]],0.0
[[-1.89353073  0.68144394 -0.5594712 ]],0.0
[[  0.00000000e+00  -5.55111512e-17  -1.00000000e+00]],0.0
[[ 0.28179448 -1.38340254  0.01830843]],0.0
[[ -9.43689571e-16   0.00000000e+00  -1.00000000e+00]],0.0
[[-0.06878953  1.22109475 -0.09836737]],0.0
[[-1.95332227  0.84856114  0.02415709]],0.0
[[ 2.71107531 -2.37025186 -1.33659989]],19.0
[[-0.48590764 -3.64186236 -1.52956798]],11.0
[[ 0.76204424  0.01689349 -0.68616148]],0.0
[[ 0.54570015 -1.25938766 -0.32906189]],0.0
[[-1.21165511  1.19936983 -0.10667861]],0.0
[[-2.91226492 -0.50719352 -1.19694432]],13.0
[[-1.22367246  2.07779792 -1.43177949]],0.0
[[ 0.70374789 -2.29888654 -0.29694058]],0.0
[[ 0.34615398  1.42596989 -0.28316224]],0.0
[[-0.12838657  1.21194675 -0.39721972]],0.0
[[ 0.41456181  1.41969931  0.18259049]],0.0
[[-0.89369022  0.87767592 -0.37573509]],0.0
[[-1.41012547 -0.04783102  0.02602687]],0.0
[[  1.11022302e-16  -1.11022302e-16  -1.00000000e+00]],0.0
[[  5.55111512e-17  -8.32667268e-17  -1.00000000e+00]],0.0
[[ 1.55040612  4.93885838 -1.12586656]],35.0
[[ 1.03031127 -0.14792096 -0.80198551]],4.0
[[ 1.28973586 -0.46435195 -0.02043808]],0.0
[[-0.02958573 -1.0762673  -0.44022558]],0.0
[[-0.59417518  0.44220427 -0.61704445]],0.0
[[ 1.73869004 -1.11232146 -0.02179812]],4.0
[[-1.31586865 -0.43522737 -0.24905692]],0.0
[[ 2.14931515  0.84815851 -0.77502663]],0.0
[[ 0.6983672   2.39379716 -1.14391974]],9.0
[[  4.71844785e-16   2.77555756e-17  -1.00000000e+00]],0.0
[[-0.12366646  1.26969788 -0.13854852]],0.0
[[-1.44307214 -0.25086923  0.10997508]],0.0
[[-1.36368132  0.04517253 -0.35572435]],0.0
[[  2.77555756e-17  -4.44089210e-16  -1.00000000e+00]],0.0
[[ 0.79308161  0.94080812 -0.25299737]],0.0
[[ 1.25251973 -1.64020504 -0.32004194]],0.0
[[ 0.16743822 -1.48088827 -0.08882424]],0.0
[[-1.08775845  1.40535949  0.29091782]],0.0
[[-0.04275088 -1.295208   -0.18207244]],0.0
[[ 3.69473753  0.45411167 -2.67235439]],38.0
[[-1.38198194 -0.90784971 -0.22344749]],2.0
[[-1.26039779  0.41192537 -0.55421809]],2.0
[[-1.06772027 -1.77523343 -0.30159149]],8.0
[[ 0.41333136  1.0122759  -0.35544644]],0.0
[[ 0.72693992  1.76077786 -0.19707415]],0.0
[[-0.69562315  0.98822847 -0.43348096]],0.0
[[ 1.93537282  0.0071969   0.02616468]],0.0
[[ 0.6565396   1.01823098 -0.43774142]],0.0
[[ 0.13437441 -1.45375437 -0.15561604]],0.0
[[ 0.166694    1.31090207 -0.44580428]],0.0
[[ 0.51567233 -1.55121691 -0.72447513]],0.0
[[  2.77555756e-16   5.55111512e-17  -1.00000000e+00]],0.0
[[-0.01563952 -1.41938866 -0.31188068]],0.0
[[ 1.80541182  1.45636796 -1.220449  ]],7.0
[[-0.63245658  0.40740238 -0.48127536]],0.0
[[-1.09757238 -0.40252308 -0.5035764 ]],0.0
[[-0.66202495  1.51024534 -0.20895663]],0.0
[[ 3.56516241 -1.1653205  -1.45284405]],23.0
[[ 0.16440626 -1.15467778 -0.49470832]],0.0
[[ 0.29856048  1.59328039 -0.48239494]],0.0
[[-1.28431342  0.01393777 -0.26643484]],0.0
[[  9.15933995e-16  -2.77555756e-17  -1.00000000e+00]],0.0
[[ 1.75436135  0.36806735 -0.9368952 ]],0.0
[[-1.84633249  4.07253181  0.09499161]],30.0
[[-1.45917888  0.46545405 -0.2175505 ]],0.0
[[-0.92514534 -1.52223347 -0.44168465]],0.0
[[ 1.31301924 -0.50205827 -0.0649182 ]],0.0
[[  8.88178420e-16   1.11022302e-15  -1.00000000e+00]],0.0
[[-1.95698182  0.49775299 -0.20077312]],0.0
[[-1.17461022 -1.2893948  -0.09524233]],0.0
[[ 0.25257103 -1.23710228 -0.01109746]],0.0
[[ 1.08242365 -0.34665756 -0.53313253]],0.0
[[ 1.01362805  0.58384314 -0.35355205]],0.0
[[-0.99002776 -0.74275819 -0.13385614]],0.0
[[-2.08487435  1.08371171 -1.26936577]],19.0
[[-1.03204752  1.73962463 -0.68485958]],4.0
[[ -1.66533454e-16   5.55111512e-17  -1.00000000e+00]],0.0
[[-1.09034489  0.92237682  0.26459696]],0.0
[[  2.77555756e-16   1.66533454e-16  -1.00000000e+00]],0.0
[[ 1.28788722  1.1225478  -0.36396525]],2.0
[[-1.35470604  0.40234463 -0.11998398]],0.0
[[-0.61580797  0.67683507 -0.41561749]],0.0
[[-0.59299192 -0.43389348 -0.49755716]],0.0
[[-0.24790675 -1.2312827  -0.18231123]],0.0
[[ 1.76161417 -1.47521364 -1.61437315]],13.0
[[ -2.28983499e-16   4.44089210e-16  -1.00000000e+00]],0.0
[[ 0.47079091  1.60773903  0.15090383]],0.0
[[-2.30206509  3.67298228  1.06406222]],25.0
[[ 0.46750549  1.52727363  0.01699671]],0.0
[[-0.97780076 -0.76365006 -0.1314858 ]],0.0
[[-2.25500755  1.12278652 -0.10792078]],0.0
[[ 1.011226    1.77701595 -1.62465807]],7.0
[[-1.09979814  0.69541436  0.18507786]],0.0
[[ 1.73163217  1.27798085 -0.62296518]],0.0
[[ -2.77555756e-16   2.77555756e-16  -1.00000000e+00]],0.0
[[ 0.53663715  1.21270198 -0.44012549]],0.0
[[-1.12892893  0.81707824 -0.24161003]],0.0
[[-5.56844997  2.1643467  -0.96348916]],49.0
[[ -2.22044605e-16  -7.77156117e-16  -1.00000000e+00]],0.0
[[ 0.18383002  1.46691138  0.11395162]],0.0
[[-1.22707915 -0.48352854 -0.72283187]],0.0
[[ 1.25479684 -0.59412208 -0.51049832]],0.0
[[ 1.03233607  1.53009915 -0.30370102]],0.0
[[-0.27141026 -1.24475158 -0.4248103 ]],0.0
[[ 1.11615686  0.60245809 -0.18416769]],0.0
[[  4.44089210e-16   2.77555756e-17  -1.00000000e+00]],0.0
[[-3.30573254  1.29153059 -0.43778325]],46.0
[[ 4.1078394  -1.43119101 -0.11916448]],36.0
[[-0.92761735 -0.40397834 -0.67082211]],0.0
[[-0.00669719 -1.42905671 -0.02079456]],0.0
[[ 0.49971869 -1.60682061  0.13243078]],0.0
[[ 0.85423511 -0.75976618 -0.53934164]],0.0
[[-3.41898648  5.48789685 -1.02323916]],105.0
[[ 1.53312938  0.88608111 -0.45069913]],0.0
[[ 1.42298548  2.26072732 -0.09335312]],6.0
[[ 0.62256878  2.56626374 -1.46768115]],11.0
[[-0.32860194 -1.09513235 -0.47867942]],0.0
[[ 0.75053748 -0.28435133 -0.64754679]],0.0
[[-1.3049825  -0.46291409 -0.20761049]],0.0
[[ 0.77762403  1.56848806  0.00387033]],2.0
[[ 1.47184778  0.76142625 -0.28462152]],0.0
[[ 0.52725725 -2.21856254 -0.47412896]],0.0
[[-1.62112709  0.20951363  0.07037958]],0.0
[[-1.73778351  0.72649086 -0.97253622]],0.0
[[ -1.94289029e-16  -8.32667268e-17  -1.00000000e+00]],0.0
[[-0.0425887  -1.76874123 -0.24659094]],0.0
[[-0.04981516 -1.77251234 -0.32903127]],0.0
[[ 1.28415183  0.3876211  -0.32219222]],0.0
[[ 2.20253087  2.66945794 -0.22446047]],16.0
[[ 2.64929021  1.65346186  0.09591867]],8.0
[[-1.35150794  0.06605457 -0.07345389]],0.0
[[  2.77555756e-17  -5.55111512e-17  -1.00000000e+00]],0.0
[[-1.53216831 -0.91036319 -0.5395174 ]],0.0
[[-0.66609769  3.07194311 -2.81313677]],40.0
[[ 1.10615032 -0.22284524 -0.39267882]],0.0
[[-1.08715656 -1.14070025 -0.73793107]],0.0
[[-1.60354609  2.23681756 -0.33227137]],14.0
[[ -2.08166817e-16   1.38777878e-16  -1.00000000e+00]],0.0
[[-0.43595697  0.85169313 -0.69859242]],0.0
[[-0.32000423 -1.49528845 -0.14615277]],0.0
[[-0.90939163 -1.25907573 -0.48438982]],0.0
[[-0.02597364  1.06027867 -0.68748333]],0.0
[[-1.22996116 -0.38155775 -0.53391624]],0.0
[[ 1.26303822 -0.40235724  0.0066037 ]],0.0
[[ 0.6405557   1.06222264 -0.25782756]],0.0
[[ 1.84897481  0.66283775 -0.38764532]],0.0
[[-0.7275565  -1.2140816  -0.85379224]],0.0
[[ 0.37640612  3.19252594 -1.3011879 ]],21.0
[[ -5.55111512e-17   1.66533454e-16  -1.00000000e+00]],0.0
[[-0.85263605 -0.00326166 -0.7668575 ]],0.0
[[ 1.88522148 -1.69793716 -0.08823895]],14.0
[[-0.95604676  1.59242256 -0.37508227]],0.0
[[-2.38182275  1.53978636 -0.80526417]],6.0
[[ 0.73652111 -0.38466509 -0.67419696]],0.0
[[ 0.66293718  0.41639402 -0.58547718]],0.0
[[-2.11453669  0.24318331 -1.82080979]],11.0
