[[ 0.55343602 -0.41494832 -0.77370195]],0.08
[[ 0.25038499 -1.04435198 -0.55414124]],0.01
[[-1.02783304  0.55795995 -0.44302143]],0.03
[[ 1.4112687  -0.53815942 -0.12115376]],0.01
[[-0.2628416   1.2908893  -0.25174142]],0.02
[[ 1.0683515   0.84953619 -0.04394799]],0.01
[[-0.75769987 -0.09521902 -0.69039095]],0.1
[[ 0.53706553  1.082198   -0.4098507 ]],0.06
[[ 0.17108796 -0.87117033 -0.60190362]],0.02
[[ 0.58521835  1.13427942 -0.26425861]],0.08
[[-0.53439692 -0.25103556 -0.70825353]],0.1
[[ 0.17378554 -0.91458919 -0.58802782]],0.01
[[ 0.12359003 -0.12109505 -0.91794955]],0.03
[[ 0.47812961  1.38564012 -0.0568662 ]],0.04
[[-0.0860837   0.67376987 -0.67877537]],0.11
[[ 0.33711068  0.75741148 -0.6976932 ]],0.07
[[-0.72553626 -0.40461096 -0.68384079]],0.05
[[-1.38328698 -0.40674619  0.03345842]],0.02
[[-0.45081286 -1.0489409  -0.48731596]],0.0
[[ 0.6723045  -0.53324831 -0.61170576]],0.04
[[-0.94847331 -1.24574195 -0.12504742]],0.04
[[-0.26644922  1.26988756 -0.32463271]],0.07
[[ 0.24395444  0.37598372 -0.82987287]],0.07
[[ 1.24480015 -0.22394022 -0.3266079 ]],0.03
[[-0.69289095  0.50068841 -0.64746185]],0.07
[[-1.3754393   0.15096506 -0.11832305]],0.03
[[ 0.14701704  0.19817853 -0.92325851]],0.03
[[-0.86019127  0.4973204  -0.70501589]],0.03
[[-1.35138269  0.12133245 -0.18461162]],0.02
[[ 0.1729051   1.11958901 -0.53061064]],0.07
[[-0.77473475 -0.35720676 -0.63884183]],0.05
[[ 1.4067178   0.223049   -0.04868537]],0.04
[[-1.04288442 -0.13351037 -0.52422104]],0.03
[[ 0.05379423  0.58675723 -0.78223749]],0.1
[[-0.30666508  0.45250069 -0.78774278]],0.12
[[-0.02394094 -0.43008444 -0.85572916]],0.06
[[-0.45161516  1.51045031 -0.09972895]],0.03
[[-0.78422961 -1.16990626 -0.07989908]],0.05
[[-0.30873715 -0.63717451 -0.6793786 ]],0.12
[[ 0.43477014 -0.77055304 -0.63144216]],0.03
[[-0.16942559  0.27335528 -0.90040362]],0.05
[[-1.00891919 -0.91491963 -0.12719051]],0.01
[[-0.14159107  1.46204446 -0.14446908]],0.01
[[-0.42164911  1.04528196 -0.47843299]],0.01
[[ 1.05865373  0.86150138 -0.21680162]],0.04
[[-0.45995903 -0.40155036 -0.81891044]],0.1
[[ 0.51104468 -0.11471539 -0.7889402 ]],0.1
[[ 0.89125323  0.74940742 -0.5066562 ]],0.02
[[-0.90990043  0.92000882  0.11560799]],0.04
[[ 1.47772299  0.25303516 -0.19683721]],0.04
[[ 0.86891254 -0.70842122 -0.43053705]],0.02
[[ 0.62661903  0.09501185 -0.75780836]],0.12
[[ 1.39512719  0.34049998 -0.05467375]],0.01
[[-0.39471652 -1.35413734 -0.34919155]],0.04
[[-0.20833917 -0.37313773 -0.873003  ]],0.08
[[-1.26018029  0.59773284 -0.09658059]],0.05
[[-0.87737425  0.40352981 -0.59608835]],0.04
[[-0.88556939 -0.8535941  -0.30048958]],0.04
[[ 1.29680983  0.35732846 -0.33605457]],0.01
[[ 1.41589418  0.19329091 -0.31094597]],0.05
[[ 0.47714582 -0.40868798 -0.78883229]],0.1
[[-0.55767978 -0.65775259 -0.62991082]],0.05
[[-0.77678046 -0.24415414 -0.76997858]],0.12
[[-0.19508123 -1.52454953 -0.27878274]],0.06
[[ 0.21455439  1.30478388 -0.42358142]],0.05
[[ 0.09199298 -0.97875722 -0.63280379]],0.01
[[ 0.15674636  1.00101236 -0.55795212]],0.02
[[-0.96612028  0.9938725  -0.05449748]],0.01
[[ 0.64834201  0.79400184 -0.63337282]],0.05
[[ 0.91337261 -0.25928848 -0.7095177 ]],0.06
[[-0.58399999  0.55020949 -0.6677866 ]],0.07
[[-0.63824986  0.85312835 -0.4991961 ]],0.01
[[-1.30177683 -0.38212664 -0.20034841]],0.05
[[-0.53919702 -1.20367273 -0.10839638]],0.06
[[ 0.72459944 -1.18428224 -0.15908714]],0.02
[[ 0.75093225 -0.17364599 -0.64499868]],0.08
[[ 0.00524399  1.15962481 -0.40727381]],0.06
[[-1.12049381 -0.31562904 -0.45536045]],0.04
[[ 1.26322235  0.46539289 -0.27209144]],0.03
[[ 0.35479362 -1.29517329 -0.09462513]],0.05
[[ 1.27255064 -0.28501735 -0.49574901]],0.05
[[ 0.67992353  1.08344133 -0.17459142]],0.05
[[-0.48674815 -1.02559921 -0.5713373 ]],0.04
[[ 0.64088945 -1.11241425 -0.26149288]],0.04
[[-0.33981594 -0.4172626  -0.84751489]],0.08
[[ 0.86337831  1.11521117 -0.19717414]],0.0
[[ 1.291749    0.36128166 -0.14501309]],0.05
[[ 0.43375022 -1.24316468 -0.37281931]],0.02
[[ 1.1630652   0.87797737 -0.1288637 ]],0.03
[[-0.97479613 -0.46622169 -0.4618124 ]],0.0
[[ 0.62960732  0.7117742  -0.65203974]],0.02
[[-1.41697533 -0.60487626 -0.02478134]],0.05
[[-0.41937184 -0.26066504 -0.80692832]],0.08
[[-0.02075481 -0.81133501 -0.62725893]],0.11
[[-0.33369043 -1.44240127 -0.12384435]],0.03
[[ 0.3056818  -0.73287    -0.55808561]],0.06
[[-1.10703631 -0.38362959 -0.35170443]],0.04
[[-0.8384402   1.04803567 -0.48268219]],0.01
[[-0.24900189  1.15732168 -0.41548637]],0.04
[[ 0.20828765  1.3949415  -0.15905838]],0.01
[[ 1.08646727 -1.03213142 -0.04666989]],0.02
[[-0.19674896  1.04228588 -0.47245985]],0.04
[[-0.88536734  0.861202   -0.33330245]],0.02
[[-0.87187445  0.81520886 -0.28320815]],0.01
[[-1.12943333  0.65700828 -0.19535224]],0.07
[[ 0.89601729  0.13668765 -0.58947608]],0.08
[[ 1.26387865  0.02767932 -0.45385326]],0.02
[[ 0.94683818  1.00142582 -0.01262566]],0.04
[[ 0.15658926 -0.16728804 -0.93854713]],0.03
[[ 1.00380566  0.40579535 -0.37386997]],0.03
[[ 0.48281772  1.06157971 -0.35676586]],0.05
[[ 0.83209935  0.66504783 -0.54594612]],0.03
[[ 0.69514065  0.56824805 -0.58214275]],0.09
[[ 1.14972215  0.20697443 -0.44752868]],0.01
[[-0.96273844  0.13991716 -0.59204941]],0.0
[[ 1.03052934  0.6171764  -0.42993463]],0.01
[[ 0.67833203  1.0966899  -0.23129518]],0.03
[[ 0.64990248  1.26036778 -0.05790707]],0.01
[[-0.38666278 -1.31860605  0.03062647]],0.05
[[ 0.73183962  0.6592469  -0.67960458]],0.02
[[-1.24063993  0.61705546  0.03106503]],0.05
[[ 0.53272791 -0.01715274 -0.78548544]],0.1
[[ 0.24227899  0.51102489 -0.7935839 ]],0.1
[[ 0.30535837 -1.35636063 -0.2714389 ]],0.03
[[-0.64846288 -0.84354145 -0.59647135]],0.0
[[-1.17448264 -0.63074383 -0.08742694]],0.0
[[ 0.60685098 -0.74297304 -0.61172078]],0.02
[[ 1.41051664 -0.03342241 -0.06084809]],0.01
[[-1.13884013 -0.68313467 -0.32603144]],0.02
[[-0.04761954 -1.47666009 -0.14634952]],0.02
[[ 1.19815951  0.37079708 -0.30521503]],0.02
[[ 0.2334389   1.56899773 -0.07173255]],0.05
[[ 0.19336438  0.18638212 -0.91242992]],0.04
[[ 0.74110641  0.76234519 -0.50902052]],0.05
[[-0.40001206 -1.51296358 -0.23466612]],0.03
[[ 1.43608096 -0.34315367 -0.08441986]],0.0
[[-0.05361043  0.05905855 -0.98133874]],0.01
[[ 1.29104223 -0.36265044 -0.22863227]],0.06
[[ 0.67051135 -0.9213582  -0.5357979 ]],0.01
[[ 1.12768143 -0.43652875 -0.43036679]],0.05
[[-1.30130851 -0.87225875 -0.09638486]],0.02
[[-0.84998099  0.92658791 -0.42871583]],0.02
[[ 1.4852473   0.22187163 -0.02932851]],0.0
[[-1.34470088 -0.11661955 -0.18672875]],0.03
[[-0.73389305  0.52387435 -0.5808301 ]],0.01
[[-1.52781479 -0.07335818 -0.10503235]],0.0
[[ 0.14170574  1.40388961 -0.17029785]],0.03
[[ 1.29603677 -0.30281215 -0.35043941]],0.01
[[-1.34168318 -0.16174296 -0.32762424]],0.05
[[-0.64165444  0.72160646 -0.61284136]],0.05
[[-0.29776016 -0.11529864 -0.86720622]],0.06
[[ 0.87000509 -0.51751885 -0.55636115]],0.01
[[-0.90040271 -0.85746725 -0.53647567]],0.02
[[ 0.54151704  0.6604502  -0.68163948]],0.04
[[-1.37802964  0.53486579 -0.09125648]],0.01
[[ 0.61588498  1.22618965 -0.29846999]],0.05
[[-0.12451112  0.30965734 -0.88017235]],0.06
[[ 1.26136102  0.22054565 -0.34906467]],0.01
[[ 1.24162262  0.45512935 -0.32226498]],0.07
[[-0.3642892  0.6502113 -0.6579664]],0.09
[[-0.76151679  0.45687705 -0.6487745 ]],0.03
[[ 1.26708075 -0.71218772  0.11100854]],0.01
[[-0.21377615  0.30602926 -0.87985392]],0.05
[[-0.83628664  1.03335698 -0.36871791]],0.0
[[-1.01477728  0.78619801 -0.33642165]],0.03
[[-0.99206328  0.65961138 -0.40490305]],0.02
[[ 1.4394849  -0.49506362 -0.3535661 ]],0.02
[[ 0.84317665  0.99669604 -0.33284169]],0.0
[[ 1.06905209  0.44703188 -0.4386088 ]],0.04
[[ 0.70842772 -0.61939275 -0.61028351]],0.03
[[-1.27792408 -0.25030603 -0.43262279]],0.05
[[ 0.24190701  0.00706113 -0.91873446]],0.04
[[-0.64779273  0.48280072 -0.70371398]],0.05
[[ 1.25903086 -0.58178005 -0.27905385]],0.01
[[ 0.01069398  1.32864184 -0.20978809]],0.03
[[ 1.05352374  0.88085286  0.03511057]],0.0
[[ 0.47258978  0.43552533 -0.76012301]],0.12
[[ 1.02913435  0.55233626 -0.44671278]],0.02
[[-0.35494471 -0.68972771 -0.76211475]],0.1
[[-0.67771931  1.23451224 -0.22522146]],0.01
[[-0.26909631  0.39818755 -0.8247883 ]],0.08
[[-0.28256073 -0.09924422 -0.89255843]],0.05
[[ 0.40588573  0.15084972 -0.86964442]],0.08
[[ 1.15540755  0.21686657 -0.40016265]],0.04
[[-0.4257272   0.58629126 -0.70623339]],0.09
[[ 0.36158982  0.6769673  -0.72222485]],0.12
[[-0.5547801  -0.90933898 -0.50979014]],0.02
[[ 1.06353204 -0.91100543 -0.1807379 ]],0.02
[[ 0.57385206 -0.95705418 -0.41657908]],0.0
[[ 0.94380586 -0.39526668 -0.56081938]],0.02
[[-0.90542524 -0.50938556 -0.68656024]],0.01
[[ 1.33341366  0.09194707 -0.27693758]],0.06
[[ 1.32420527 -0.38878485 -0.21999438]],0.01
[[-1.52970851 -0.11822964 -0.13856549]],0.02
[[-1.45470758  0.13420617 -0.12079978]],0.02
[[-0.50677828  1.39410488 -0.10433991]],0.06
[[-0.33566667  0.26697751 -0.8818054 ]],0.07
[[-0.33632491  1.09904038 -0.45863929]],0.02
[[-0.61959224 -1.13194922 -0.29932557]],0.03
[[-0.18035953  1.00599742 -0.530519  ]],0.02
[[-0.92871196  0.69035188 -0.44137576]],0.02
[[-1.33105351  0.53853169 -0.18178774]],0.06
[[ 0.73808858  1.20026205 -0.24654195]],0.03
[[ 0.77653415  0.68060503 -0.51166604]],0.04
[[-0.98547403 -0.11902301 -0.56728397]],0.06
[[-0.7508178  -0.15505436 -0.71857672]],0.09
[[-0.46356614  1.28933586 -0.31205285]],0.03
[[-0.78803306 -1.11631491 -0.42325411]],0.01
[[ 1.23562819 -0.09046775 -0.25435645]],0.04
[[ 0.28024815  1.52806909 -0.09485013]],0.01
[[ 1.10666057  0.28539158 -0.54182869]],0.03
[[ 1.47188612  0.0598     -0.17482338]],0.01
[[ 0.03448197  0.77424153 -0.65470629]],0.09
[[-0.32588788  1.34472516 -0.53592002]],0.01
[[ 0.64921035 -1.03290929 -0.52143229]],0.01
[[ 0.94233489 -1.12447928 -0.05962754]],0.03
[[ 1.25521182 -0.14090038 -0.37708269]],0.03
[[-0.4196831   0.64497572 -0.60344715]],0.06
[[-0.54250469  1.42654814 -0.17942399]],0.03
[[-1.46611478 -0.05569632 -0.11957904]],0.04
[[-1.37070209 -0.17802488 -0.22250191]],0.06
[[-0.26981797 -0.90137887 -0.60442357]],0.04
[[ 1.00835416  1.01289801  0.05508363]],0.02
[[-0.87812763 -0.92090537 -0.42982638]],0.01
[[-1.09747614 -0.79066691 -0.30636927]],0.02
[[ 0.38941727 -1.44411161 -0.12615187]],0.04
[[ 0.72456292  0.87376663 -0.54676584]],0.0
[[-0.95401725  0.65858096 -0.35822603]],0.01
[[-1.52519449 -0.03991097  0.06966947]],0.02
[[ 1.33719745 -0.22530431 -0.33086673]],0.03
[[ 0.62571648 -0.96749037 -0.4747984 ]],0.05
[[-1.45266439  0.3304788  -0.16404864]],0.03
[[-0.88737825  1.06911521 -0.04169672]],0.05
[[ 1.19343062 -0.11105364 -0.41074453]],0.03
[[ 0.98769785  0.94667722 -0.09701691]],0.01
[[-0.0357042   0.69169949 -0.75847731]],0.11
[[ 0.40004478 -1.00068618 -0.52504845]],0.06
[[-1.40841219  0.43552744 -0.13780672]],0.04
[[-1.41363405  0.2097785  -0.29819319]],0.0
[[ 1.133126   -0.26156735 -0.45699316]],0.01
[[-0.65336278  0.97646492 -0.45363805]],0.05
[[ 0.6584353  -0.78011568 -0.60077344]],0.03
[[-0.90688066  0.65754597 -0.45282438]],0.01
[[ 0.82718667 -0.14336762 -0.75313126]],0.13
[[ 0.35179197 -0.6114837  -0.75084516]],0.11
[[-0.0518715   0.908352   -0.64195431]],0.02
[[-0.16688236 -0.97467195 -0.59888007]],0.04
[[-0.02529906  0.96856649 -0.61611665]],0.05
[[-1.04100095 -0.3218206  -0.4848811 ]],0.0
[[-1.21067702 -0.84805562 -0.40439754]],0.03
[[ 1.13845665  0.68510646 -0.16209075]],0.02
[[ 0.23492541  0.17153774 -0.89900895]],0.05
[[-0.58465668 -1.40616783 -0.19526394]],0.03
[[ 1.2515154 -0.6053444 -0.2633582]],0.05
[[-0.91033453  0.84334564 -0.3564766 ]],0.02
[[ 0.84073743  1.05099183  0.04452889]],0.02
[[ 1.38490806  0.15034603 -0.09976321]],0.05
[[ 1.34520199  0.72139985 -0.30210658]],0.02
[[-0.11438718 -0.96416619 -0.62643135]],0.03
[[ 0.70479967 -1.25031928 -0.2850724 ]],0.0
[[ 0.23043018 -1.36598529 -0.26343129]],0.04
[[ 0.60805504 -1.15302944 -0.26557885]],0.05
[[ 0.41803796  0.42071471 -0.79368508]],0.1
[[ 0.93437172 -1.10442216 -0.27939314]],0.0
[[-0.4896484   1.26656076  0.06842955]],0.06
[[-0.77028761  0.23070804 -0.69786684]],0.09
[[-0.75679119 -0.85325333 -0.55496428]],0.03
[[ 1.10875782 -0.84754776  0.01045308]],0.02
[[ 0.41636084  1.38403297 -0.01611382]],0.05
[[ 1.24241901  0.3994522  -0.2907364 ]],0.02
[[-0.61523927 -1.21493018 -0.31687295]],0.01
[[ 0.43689663  0.72707047 -0.72227792]],0.06
[[-0.04765098  0.05206321 -0.97676632]],0.01
[[-0.35053027 -1.36543842 -0.21621829]],0.02
[[-0.61434517 -1.07672338 -0.35814582]],0.04
[[ 0.12203508 -0.06849171 -0.94929604]],0.02
[[-0.27455891  0.08664996 -0.91987836]],0.05
[[-1.41955023 -0.44641464 -0.26536419]],0.02
[[ 1.52216179  0.38493007 -0.09186582]],0.02
[[ 1.42680791  0.36872639 -0.35182613]],0.02
[[ 0.13574792  0.49080718 -0.82639809]],0.08
[[ 0.09878545  0.08267348 -0.95937396]],0.02
[[-0.94296562 -0.9904312  -0.27861668]],0.03
[[-0.02819418  1.34236378 -0.34189555]],0.04
[[ 0.32473031 -1.09199178 -0.54130081]],0.02
[[ 0.67497685 -0.53575171 -0.63963588]],0.06
[[-1.02272734 -0.67703703 -0.43296863]],0.01
[[-0.90728863 -0.81058946 -0.19489967]],0.02
[[-0.80033556  1.31666167 -0.26732398]],0.03
[[-0.70113355  0.45402207 -0.73277847]],0.08
[[-0.78547415 -0.12149978 -0.68813418]],0.1
[[-0.63390629 -0.34822613 -0.68369055]],0.08
[[-1.17534824 -0.28710977 -0.43006015]],0.04
[[ 0.40576741 -1.37252209 -0.25192481]],0.05
[[-0.61759799  1.17509318 -0.26940635]],0.06
[[-0.16311762 -1.44762461 -0.16533384]],0.03
[[ 0.58856077  0.90211736 -0.48291515]],0.0
[[ 0.35391335  1.33037772 -0.30280075]],0.02
[[-0.20605135  0.85471005 -0.66261877]],0.1
[[-0.04130757  0.33174202 -0.8664845 ]],0.05
[[-1.45855795  0.09289042 -0.13314387]],0.03
[[ 1.45157735  0.27071558 -0.07345249]],0.05
[[-1.07185759 -0.87278422 -0.22930427]],0.02
[[-0.92206176  1.26309295 -0.05399267]],0.0
[[ 0.64201579  1.32751722 -0.07435632]],0.01
[[ 0.65446533 -0.35211292 -0.67971296]],0.07
[[ 1.22861697  0.84812495 -0.0999378 ]],0.02
[[-0.9632804   0.38788435 -0.56527624]],0.02
[[ 0.63427669  0.5097132  -0.70954226]],0.09
[[ 0.9107884   1.26276254 -0.12140208]],0.01
[[-0.94590267  0.78411974 -0.35241781]],0.02
[[ 0.36656493  1.26679391 -0.2324741 ]],0.04
[[-0.9920511   0.54733953 -0.59199216]],0.0
[[-0.67448694  1.04579558 -0.36696093]],0.02
[[ 0.21163251  0.26633634 -0.88560296]],0.04
[[-1.4952878  -0.32490132 -0.02902429]],0.02
[[ 0.83223671  0.73007515 -0.52545615]],0.03
[[ 0.31190437  0.32613703 -0.88887232]],0.07
[[ 0.24046489 -0.76387782 -0.66528018]],0.1
[[-0.79188428 -0.80879273 -0.43755625]],0.02
[[-0.19216185  0.80022082 -0.60388122]],0.08
[[-0.63419099 -1.28342579  0.03644857]],0.04
[[ 1.15445034  0.54339594 -0.31051177]],0.04
[[-0.86322201 -0.8453045  -0.39358252]],0.01
[[-1.17282716 -0.39530763 -0.37631293]],0.01
[[-0.04703505 -0.68319989 -0.77458525]],0.13
[[-0.26942057 -0.8570785  -0.57433357]],0.06
[[ 0.95850354  0.913805   -0.24623049]],0.02
[[-0.20195635  0.23128362 -0.91258342]],0.05
[[ 0.67790452 -0.78968314 -0.60239957]],0.05
[[ 0.33168796 -1.41462027 -0.17731054]],0.03
[[ 0.59309274  0.19013633 -0.69954032]],0.1
[[-0.60704377  1.00536859 -0.3212288 ]],0.03
[[-0.4495238   1.18584342 -0.3819815 ]],0.04
[[-0.24909719 -1.41372669 -0.29074936]],0.01
[[-0.22554915 -1.39290347 -0.366082  ]],0.02
[[-0.6885845  -0.46274724 -0.6678631 ]],0.07
[[-1.12382202  0.72432767 -0.20885685]],0.02
[[ 0.92509103  0.94655596 -0.30129005]],0.04
[[ 1.13347686  0.7185158  -0.09436072]],0.03
[[-1.31321845 -0.69464038 -0.13475951]],0.0
[[ 1.44336105  0.41049626 -0.12337723]],0.05
[[ 0.81550353 -0.73270798 -0.48914826]],0.03
[[-0.56237491  0.91846634 -0.56794639]],0.02
[[-0.5033178  -0.16017054 -0.82993127]],0.1
[[-1.20172694  0.40052223 -0.51636064]],0.03
[[ 0.9595968   0.51517842 -0.59383827]],0.03
[[ 1.03784858  0.51712316 -0.29761656]],0.06
[[ 1.42237416  0.28153195 -0.01764466]],0.04
[[ 0.97999648  0.69209421 -0.45346073]],0.01
[[-1.34953466 -0.16197941 -0.16672769]],0.06
[[-0.55767473 -0.64241944 -0.5813454 ]],0.08
[[ 0.81141236  0.95912696 -0.18873163]],0.02
[[-0.75308477  1.10016591 -0.06617129]],0.07
[[-1.13832243 -0.37867478 -0.40314671]],0.04
[[-0.80022896  0.70390872 -0.59493708]],0.03
[[ 0.51177342  0.96964275 -0.52472243]],0.04
[[ 1.0290498  -0.81688983  0.05789652]],0.01
[[-1.43653729  0.19338538 -0.01096556]],0.04
[[-0.44685704 -1.06921694 -0.53840208]],0.01
[[-0.39385576  1.42312486 -0.06311106]],0.0
[[ 0.92489894  0.23853631 -0.6045977 ]],0.02
[[ 0.04996332 -1.29344339 -0.26084419]],0.06
[[ 0.40377675  0.48678345 -0.72025934]],0.07
[[-0.12505146  0.14377989 -0.93044433]],0.03
[[ 1.23256177  0.13937589 -0.41882539]],0.06
[[-1.09823359  0.61840899 -0.2034661 ]],0.02
[[ 0.56688953 -1.45663626 -0.35554001]],0.04
[[ 1.36539269  0.31613348 -0.11669417]],0.05
[[-1.320216    0.09756616 -0.45655591]],0.02
[[-0.57234714  0.92213662 -0.52857899]],0.01
[[ 0.28646427 -0.33785842 -0.83036107]],0.07
[[ 1.15742922  1.0180757  -0.0162676 ]],0.03
[[ 0.77191394  0.9827454  -0.52487419]],0.03
[[ 0.07881556  0.81188741 -0.6407324 ]],0.07
[[-1.21171003  0.52544053 -0.41122148]],0.05
[[ 0.17077304 -1.13028327 -0.48135396]],0.04
[[ 0.61533112  1.21113097 -0.07459103]],0.06
[[ 0.00275396  1.36585461 -0.24792756]],0.03
[[ 0.48018616 -0.67746536 -0.62760252]],0.06
[[ 0.9128513  -1.11260615 -0.24637744]],0.01
[[-1.21390807 -0.56186081 -0.358244  ]],0.04
[[-0.86140441  0.42157723 -0.62968314]],0.06
[[ 0.88888458  0.98385522 -0.12202054]],0.07
[[-0.36633215  0.79190492 -0.67802461]],0.07
[[ 1.43066241  0.44741168 -0.0549214 ]],0.01
[[-1.31189585  0.4090172  -0.20493959]],0.0
[[ 0.68464673  1.0832901  -0.29737742]],0.05
[[ 0.89155184  1.08613186 -0.25028351]],0.01
[[ 0.21626459 -0.03654262 -0.91818114]],0.03
[[ 1.26338874  0.15873891 -0.3452151 ]],0.06
[[-0.73791509  0.5885739  -0.64517788]],0.03
[[-1.20330375  0.84479884 -0.25428739]],0.01
[[-1.18473773 -0.77208933 -0.22444788]],0.0
[[ 0.33113768  1.58068165 -0.00321526]],0.01
[[ 0.95565493  0.55512093 -0.6067513 ]],0.0
[[ 0.07207642  1.01041926 -0.56071976]],0.01
[[-1.45375971  0.87389636 -0.11236443]],0.05
[[ 1.44640562  0.05967135 -0.00478871]],0.01
[[-0.47944922 -0.81158987 -0.5054269 ]],0.02
[[ 0.71005204  0.92916321 -0.35708893]],0.03
[[ 0.4102869  -1.11769511 -0.33836581]],0.01
[[ 0.11331963  1.2461585  -0.37210322]],0.08
[[-1.07241833  0.78940117 -0.22549705]],0.0
[[ 0.34643831  0.68988343 -0.66675848]],0.13
[[-0.26975467  1.51305668 -0.3065563 ]],0.03
[[ 0.23895992  0.74384672 -0.6464692 ]],0.05
[[-1.19842457 -1.0148931  -0.20698124]],0.02
[[-1.4979966  -0.25140192 -0.24310972]],0.05
[[ 1.44241552  0.39910884 -0.17676336]],0.02
[[-1.05293326  0.08621544 -0.61085362]],0.03
[[-0.72272182 -0.94760684 -0.44166485]],0.02
[[ 0.86643375 -1.09024115 -0.03380782]],0.05
[[ 0.60783458  1.2234528  -0.02968496]],0.04
[[ 0.45305559  0.89268674 -0.65047874]],0.04
[[-0.29655423 -1.31245132 -0.15204992]],0.03
[[ 1.0949968   1.01223893 -0.2647978 ]],0.01
[[ 0.80083464  0.92662481 -0.25731406]],0.01
[[-0.45222539 -0.89130423 -0.61607134]],0.03
[[-0.54076477  0.78207615 -0.61266273]],0.03
[[-0.42346936  1.30934676 -0.05636109]],0.0
[[-1.03964619  0.16064649 -0.47813338]],0.03
[[-0.33013739 -0.93573456 -0.52204914]],0.05
[[-0.90601699  0.95552258 -0.29386833]],0.03
[[-1.24858538 -0.57849948 -0.2530159 ]],0.04
[[-1.29925496  0.28678196 -0.4564784 ]],0.0
[[-1.47349935 -0.25543926 -0.14301457]],0.03
[[-0.55317834 -1.36966949 -0.25113547]],0.03
[[ 0.38642329  0.71690911 -0.71283428]],0.07
[[ 0.5895733   1.36645149 -0.08346844]],0.06
[[-0.62097832  0.6826523  -0.58864172]],0.01
[[-0.88754142 -0.07975853 -0.6242675 ]],0.03
[[-1.08249068  0.92885269 -0.26868014]],0.01
[[-0.37318927 -1.25905118 -0.22300922]],0.08
[[ 0.44538476 -0.37396197 -0.74935933]],0.09
[[-0.4141512  -1.07685162 -0.50529264]],0.03
[[ 1.27414818 -0.5062626  -0.25076852]],0.02
[[ 0.26324673  1.42473365 -0.0301524 ]],0.02
[[ 0.95556003  0.69547284 -0.50358461]],0.04
[[ 0.97731618 -0.86373998 -0.0345101 ]],0.01
[[-0.9481551  -0.84602528 -0.3428873 ]],0.02
[[-0.61893888  1.22252402 -0.24278561]],0.03
[[ 0.6406235  -1.21642554 -0.20042706]],0.02
[[ 0.45090439 -0.77265331 -0.69620102]],0.07
[[-1.0060636   0.18669495 -0.50590358]],0.0
[[-0.05848359 -0.75837261 -0.77786911]],0.13
[[-0.17605558  0.99466875 -0.53740914]],0.02
[[-0.59984597 -0.18598016 -0.74358991]],0.12
[[ 1.081542   -0.09329341 -0.45320357]],0.02
[[ 0.01505582  0.70121172 -0.75530979]],0.13
[[-0.28412212 -0.91321866 -0.47407788]],0.01
[[ 1.02818851  0.97001039  0.00868773]],0.01
[[-0.80598142 -0.24102196 -0.6606623 ]],0.07
[[-0.67328296 -1.30237569 -0.14637899]],0.02
[[-0.32516691  0.00948611 -0.91890476]],0.06
[[ 1.30415613 -0.27143607 -0.19486184]],0.0
[[-1.4544473  -0.20938352  0.09594227]],0.03
[[-0.11588754 -0.0036713  -0.95294385]],0.02
[[-0.10061933 -1.26430757 -0.44179153]],0.04
[[-1.3833228  -0.0020185  -0.25397446]],0.06
[[-0.60679879 -0.19026022 -0.75206321]],0.12
[[ 0.76648672 -0.89400004 -0.37922661]],0.04
[[-0.55291861 -0.7325965  -0.65923638]],0.04
[[ 0.26505344 -1.10827443 -0.47661483]],0.08
[[-0.25849009  0.50109872 -0.75443836]],0.1
[[-0.52888599  1.22575988 -0.15987199]],0.02
[[-1.201446   -0.47848383 -0.31665812]],0.04
[[ 0.73127859  0.05560585 -0.76543425]],0.11
[[ 1.44963231 -0.25930758 -0.30474921]],0.02
[[-0.64307503  1.29559616 -0.05741246]],0.02
[[ 0.18619772 -0.92614389 -0.66152011]],0.03
[[ 0.40352658 -0.44118944 -0.78765911]],0.1
[[ 0.25311212  0.24012271 -0.9029115 ]],0.06
[[ 0.31119515 -1.47961348 -0.0324001 ]],0.0
[[-1.17153891 -0.7992636  -0.19340177]],0.03
[[-0.01718561 -0.85240243 -0.67921922]],0.03
[[ 0.91370954  0.00711025 -0.64380294]],0.01
[[ 0.55876294 -0.81007262 -0.58314069]],0.0
[[ 0.12216609  1.52119792 -0.08218487]],0.0
[[-0.2142143   1.36368396 -0.26762441]],0.04
[[ 0.24948907 -0.69372449 -0.69746527]],0.1
[[-0.12422123  0.67090774 -0.746668  ]],0.12
[[-0.27203527 -1.31497542 -0.24921563]],0.02
[[-0.50021223 -1.25267375 -0.18879183]],0.01
[[ 0.08053902  1.21690384 -0.41004078]],0.04
[[ 0.00309112 -1.54311152 -0.13181776]],0.0
[[ 0.40159478 -0.46364953 -0.77677136]],0.09
[[ 1.24170232 -0.77740619 -0.09209269]],0.04
[[ 1.35767602  0.43806096 -0.12911471]],0.04
[[ 0.52677454 -1.46287784 -0.29440339]],0.07
[[-1.18095402  0.39908403 -0.49251003]],0.04
[[-0.68712852  1.19338454 -0.25629954]],0.01
[[-0.78993663  0.71965646 -0.50698523]],0.02
[[ 0.07860812 -1.22874322 -0.39055399]],0.05
[[ 1.48339527  0.0239723  -0.08800934]],0.03
[[ 1.29830068  0.60107623 -0.29824938]],0.02
[[ 0.63567865 -0.46812748 -0.72248802]],0.08
[[ 0.81111566 -1.44603063 -0.18650908]],0.01
[[ 0.16552099  1.27336186 -0.33104512]],0.02
[[-0.41328324 -0.2872151  -0.8195535 ]],0.08
[[-0.70246985  0.92175807 -0.53687003]],0.04
[[-0.48561484  1.42219217 -0.03889155]],0.03
[[-0.60682407 -1.17891555 -0.3270485 ]],0.05
[[ 1.21971479  0.00829078 -0.40165606]],0.03
[[ 0.39048014 -0.44622149 -0.76884315]],0.09
[[-0.48031851  1.21975919 -0.25094156]],0.05
[[-1.26901893 -0.23665736 -0.35275602]],0.08
[[ 1.07794851  0.48534645 -0.42847974]],0.0
[[ 0.24619971 -0.4554677  -0.80544513]],0.09
[[ 1.11191561  0.77292345 -0.26756485]],0.03
[[-0.15151717 -1.52037872 -0.03475143]],0.02
[[-1.50746259  0.00336314 -0.1286265 ]],0.0
[[-0.73759664 -1.14884969 -0.16931584]],0.05
[[-0.74787173  1.30599271 -0.2382186 ]],0.02
[[ 0.65104754  0.96195903 -0.47098657]],0.04
[[ 0.49078764 -1.41544642 -0.19415837]],0.02
[[-1.38608853  0.20022921 -0.24279887]],0.02
[[ 0.04046805  1.48049636 -0.19169607]],0.01
[[ 0.79869216 -0.19522742 -0.61577858]],0.09
[[ 0.17255669 -0.98398262 -0.67148961]],0.01
[[-0.93957482 -1.16881619 -0.32317581]],0.06
[[ 0.85009163 -1.18417789 -0.06374076]],0.02
[[-0.21306266  0.37564435 -0.83235488]],0.08
[[ 0.93272742  0.22867238 -0.55765387]],0.08
[[ 1.32043807  0.16277203 -0.36712314]],0.05
[[-0.51214516  1.32820186 -0.20513012]],0.03
[[ 1.26648784 -0.70840954 -0.07186726]],0.06
[[ 0.84244029  1.01504262 -0.38252042]],0.02
[[-0.77075921 -1.00635191 -0.35828973]],0.01
[[-0.89378836 -1.34492606 -0.21600762]],0.03
[[-0.29389574  0.24436855 -0.90063939]],0.05
[[ 1.15378279  0.40057989 -0.38860248]],0.04
[[-0.58660585 -0.00253908 -0.74381204]],0.1
[[ 0.03399076 -1.45455583 -0.2007501 ]],0.02
[[ 1.19364438  0.04048767 -0.45248422]],0.05
[[ 0.13836885  1.39254353 -0.29030257]],0.04
[[-0.87193923  0.82537554 -0.53820631]],0.0
[[-0.04637802 -1.23430205 -0.49574691]],0.06
[[-0.29798475  1.27367977 -0.31881836]],0.04
[[ 1.23727972 -0.35155886 -0.14006966]],0.06
[[-0.43880669 -0.33278327 -0.82714008]],0.09
[[-0.21482916  0.55109182 -0.80622603]],0.1
[[-0.87667655  1.04088618 -0.31138406]],0.02
[[ 1.36866015  0.16180409  0.01593581]],0.04
[[ 0.05176959 -0.48122933 -0.84612015]],0.09
[[-1.29849262  0.16665423 -0.5406349 ]],0.03
[[ 0.91160895  1.0664726  -0.09005066]],0.04
[[-0.13870289  0.01023512 -0.95420626]],0.02
[[-0.19226282  0.30419997 -0.87031989]],0.07
[[-0.124555   -0.12005768 -0.96341826]],0.02
[[-0.52339934 -0.93443653 -0.59812271]],0.03
[[ 0.7363689  -0.92996104 -0.49570969]],0.01
[[-1.42999722 -0.38995555 -0.43625712]],0.03
[[ 0.49655113 -1.13064075 -0.44929809]],0.03
[[-1.18060196  0.6729453  -0.06685642]],0.03
[[ 0.39381235  0.84099038 -0.57354032]],0.04
[[ 0.92799972  0.35734164 -0.55005542]],0.05
[[-1.31344924  0.26841956 -0.21666771]],0.05
[[ 1.38080232  0.23305786 -0.09599203]],0.02
[[-1.18350874  0.04609891 -0.53815702]],0.05
[[ 1.28860211  0.39082979 -0.21161023]],0.04
[[ 1.04119037  0.59179199 -0.55192886]],0.03
[[-0.92658819 -0.99871163 -0.21556084]],0.01
[[ 0.47659782 -1.04375758 -0.5585992 ]],0.0
[[-0.61753257 -1.30687935 -0.01220227]],0.02
[[ 0.69331075 -0.12344706 -0.74068211]],0.11
[[-0.55901178  0.46354904 -0.72190678]],0.09
[[ 0.73080329  0.26722911 -0.61115077]],0.09
[[ 0.61693123 -0.52695994 -0.71724982]],0.04
[[ 0.02154009  0.76772569 -0.66080098]],0.11
[[ 0.98437262  1.25468696 -0.05607754]],0.05
[[-0.03521671 -1.4190096  -0.11026313]],0.03
[[-0.6085814  -0.49404344 -0.66081361]],0.09
[[ 0.42516878 -0.51151272 -0.73385613]],0.13
[[-0.91746546 -0.80150712 -0.57275645]],0.0
[[-0.28193694 -1.27144108 -0.47623685]],0.0
[[-0.65559164 -0.37012862 -0.63644531]],0.08
[[-0.03337322  1.37230696 -0.33839228]],0.05
[[ 0.58316064  1.44462517  0.00383761]],0.01
[[ 0.90957302  0.54083779 -0.68133399]],0.05
[[-0.04702397  0.06254943 -0.97942627]],0.01
[[ 0.31050076  0.64178075 -0.72137691]],0.12
[[-0.24477742 -0.67156554 -0.71916357]],0.08
[[ 0.69049584  1.32735658 -0.09215139]],0.02
[[-1.00318328 -0.53643746 -0.40844424]],0.03
[[ 0.36106996  1.27590091 -0.30086631]],0.03
[[ 1.14686495 -0.77091832 -0.23778828]],0.04
[[-0.7546304   1.16549774 -0.20932729]],0.03
[[-0.2634435  -0.29418026 -0.95664945]],0.05
[[ 0.22004691 -1.36169558 -0.400224  ]],0.03
[[ 0.51383483  0.9181725  -0.61708966]],0.05
[[ 0.92241537 -0.2106773  -0.50799381]],0.04
[[ 0.32068678  0.9648835  -0.53646685]],0.0
[[ 1.0000426   0.31643482 -0.51715041]],0.04
[[-0.30273302  0.49316253 -0.78780878]],0.11
[[-0.5749584   0.9463491  -0.40571362]],0.0
[[-0.36183854 -0.11009689 -0.8788173 ]],0.07
[[ -6.57384973e-01   1.37606023e+00   8.45894310e-05]],0.0
[[-0.10380978 -0.60539587 -0.77332649]],0.1
[[ 0.2941418   1.24445325 -0.24623908]],0.06
[[-0.04579974 -1.55854364 -0.19381348]],0.03
[[-0.05310009 -0.05988108 -0.97680188]],0.01
[[-0.59236637 -1.39135235 -0.14392262]],0.05
[[ 0.64030873 -1.25373451 -0.21672188]],0.07
[[-0.2888976   1.21242546 -0.23887659]],0.03
[[-0.44144851 -0.63313709 -0.70121748]],0.08
[[-0.40995794 -1.34773567 -0.27724775]],0.03
[[ 1.10377506 -1.01981606  0.02979029]],0.03
[[ 0.7636682   0.73100139 -0.64160301]],0.05
[[ 0.25099523 -0.20414595 -0.90177206]],0.05
[[ 0.60686442 -0.20022459 -0.74994503]],0.12
[[-0.60055937 -0.13500297 -0.71910062]],0.12
[[ 1.31621428 -0.51272074 -0.05603485]],0.03
[[ 0.46117715 -0.06120515 -0.80308378]],0.08
[[-1.42560786 -0.16233072 -0.03993395]],0.03
[[-0.60652158  0.40423487 -0.75682602]],0.1
[[-1.15534476 -0.74943141  0.00301303]],0.04
[[ 0.05821003 -1.38377484 -0.47737929]],0.02
[[-0.69422062 -1.31694338 -0.08785556]],0.05
[[ 0.64923153 -0.26561589 -0.76815645]],0.12
[[-0.2643261   0.92795889 -0.58461405]],0.03
[[ 0.42425045 -1.32773994 -0.19458258]],0.01
[[ 0.95494113  0.49712048 -0.49856137]],0.03
[[ 0.62430121 -1.22004723 -0.41691314]],0.03
[[-1.52218913 -0.1732893  -0.11211028]],0.01
[[ 1.27331076 -0.68373122 -0.0720952 ]],0.03
[[ 0.64631357 -1.07836727 -0.44491946]],0.05
[[-0.04661298  0.0736227  -0.97381492]],0.01
[[ 1.33534821 -0.35811864 -0.34220798]],0.01
[[-1.39202965  0.04423815 -0.32727332]],0.02
[[-0.50677378 -0.64429069 -0.63743348]],0.06
[[ 1.6375537   0.24060709 -0.07001733]],0.02
[[ 0.88630851 -1.07077028 -0.14162271]],0.01
[[ 0.91052395  1.10203434 -0.14613937]],0.06
[[-0.52295579 -1.35168061  0.03634693]],0.03
[[ 1.3017354   0.53433819 -0.58973232]],0.0
[[-0.60630249  0.27580925 -0.74881881]],0.1
[[-0.17751096  1.40877584 -0.17003778]],0.03
[[-0.27267407  1.5104459  -0.16895846]],0.0
[[ 0.45086121  0.6286923  -0.71595925]],0.07
[[-1.22798     0.51427751 -0.05094606]],0.05
[[-0.08224059  1.3369174  -0.34550762]],0.07
[[-1.40551557 -0.22681531 -0.03662656]],0.01
[[-1.02999281  0.97777811 -0.36117557]],0.0
[[-0.43271597 -0.73268625 -0.67686945]],0.1
[[-0.38477978 -1.18096649 -0.26803397]],0.06
[[-0.2823974   0.45753757 -0.74449107]],0.08
[[-0.54036009 -0.8698758  -0.52493545]],0.05
[[-1.28333908  0.59211779 -0.19624478]],0.02
[[ 0.57569157  0.8064776  -0.51874344]],0.0
[[-1.03069993 -0.46331214 -0.41662667]],0.05
[[ 1.29267198  0.60216705 -0.19500568]],0.05
[[-0.25680871  1.38923745 -0.17574595]],0.04
[[-0.71517987 -0.80814999 -0.73628525]],0.0
[[-0.1647258  -1.0980424  -0.54544616]],0.02
[[-0.21189115 -0.87722168 -0.64788566]],0.05
[[ 0.89511174  0.02575033 -0.6263642 ]],0.01
[[ 0.5236287   1.18784063 -0.25114046]],0.04
[[ 1.26605079  0.6165332  -0.25045836]],0.03
[[-0.82902307 -1.25337348 -0.24349518]],0.04
[[ 0.50656752  1.24004503 -0.26855322]],0.01
[[ 0.98660928 -1.02313723 -0.18351735]],0.02
[[ 0.24905543 -0.2087131  -0.88890395]],0.06
[[-0.19810418  1.49356015 -0.09169174]],0.03
[[ 0.4895722  -0.36212452 -0.78483016]],0.1
[[-0.1043857  -1.3529735  -0.22260936]],0.01
[[-0.00717054  1.57098401 -0.10948588]],0.03
[[-0.59448218  0.62476561 -0.62304074]],0.09
[[-1.10244687  0.2995884  -0.56994318]],0.01
[[ 1.4695584   0.10486022 -0.21225763]],0.06
[[-0.39939485 -1.39354007 -0.05340403]],0.1
[[-1.15484628  0.55877323 -0.46982026]],0.07
[[ 0.38877244  0.79149011 -0.66679217]],0.07
[[-0.39784256 -0.35049015 -0.85967702]],0.08
[[-0.13805305 -1.49898606 -0.07319025]],0.01
[[-0.13999155  1.54262687 -0.12857412]],0.02
[[-0.60637115  0.89118605 -0.53303497]],0.0
[[ 0.1432171  -0.45659661 -0.79784797]],0.08
[[ 0.50927849  0.45207279 -0.69484443]],0.09
[[-0.29136972  0.36774821 -0.86645922]],0.09
[[-0.1880066   0.94102763 -0.58806591]],0.05
[[-1.19849634 -0.80766112 -0.28776936]],0.02
[[-0.50573052  1.1024305  -0.27543173]],0.04
[[ 0.06313162 -1.20709958 -0.46296153]],0.04
[[-0.66913706  1.1455042  -0.20976429]],0.04
[[ 0.42410388  0.79315999 -0.60213498]],0.05
[[-0.71794125  1.1050069  -0.43530364]],0.02
[[-0.91314929 -0.22693614 -0.56418593]],0.01
[[ 1.36267257 -0.07987861 -0.23130751]],0.06
[[-0.7048185   1.12941905 -0.43384366]],0.01
[[-1.41278368  0.45435484 -0.09998395]],0.01
[[ 1.28306867  0.23548842 -0.3170111 ]],0.03
[[-0.81946722  0.07748217 -0.6490209 ]],0.07
[[ 0.18203097 -1.37516903 -0.09318232]],0.03
[[-1.33231427 -0.70786885 -0.05256994]],0.01
[[-0.62582265 -0.51762249 -0.72746313]],0.03
[[-0.95342409  0.44098232 -0.62694267]],0.01
[[-0.2576451   0.17922544 -0.9167571 ]],0.04
[[ 1.21373414 -0.06439854 -0.38193723]],0.06
[[-0.94142458  0.51618138 -0.55682371]],0.0
[[-0.33136288  1.03077318 -0.44092066]],0.01
[[-0.1268944  -1.42061532 -0.32797966]],0.05
[[-0.75120299  1.19433731 -0.12832945]],0.04
[[-1.30160688 -0.48820851 -0.1343887 ]],0.06
[[-1.31583663 -0.22375841 -0.35490707]],0.0
[[-0.80656579 -0.95779372 -0.34583848]],0.03
[[-1.49319221  0.11690979 -0.07585408]],0.01
[[-0.55603503  1.10845875 -0.30013703]],0.01
[[ 0.47808939 -1.43678228 -0.16554883]],0.02
[[ 0.79144316 -1.2115201  -0.26319004]],0.02
[[ 1.03540747 -0.42061001 -0.36882942]],0.03
[[ 1.48529679  0.03316846 -0.12867126]],0.02
[[ 1.44323546  0.44014172 -0.09877626]],0.06
[[-0.55915997  1.31727717 -0.19397107]],0.02
[[-0.4384868   0.28653384 -0.81255078]],0.1
[[-0.64934262  0.32026474 -0.80592737]],0.12
[[ 0.6334115  -0.88331996 -0.57731295]],0.02
[[-1.13419462  1.02867083 -0.20180507]],0.08
[[ 0.82950657 -0.9862455  -0.17714218]],0.02
[[ 0.22936863 -0.47267109 -0.78217966]],0.09
[[-0.88225232  0.81991373 -0.2826512 ]],0.02
[[-0.59808883 -0.78468795 -0.57059892]],0.05
[[-0.08224216 -1.15210058 -0.5041949 ]],0.06
[[ 1.21877081  0.72467331 -0.37829177]],0.02
[[ 0.54993458  1.25503319 -0.09351566]],0.02
[[-0.03745495 -0.45591567 -0.85090668]],0.07
[[ 1.11491909 -0.83708367 -0.05680304]],0.01
[[-1.12743147 -0.03143395 -0.40973509]],0.03
[[-0.34391868  1.19978113 -0.41472302]],0.0
[[ 1.30063604 -0.63203397 -0.10691301]],0.03
[[ 0.73399054  1.15046645 -0.10009331]],0.05
[[-1.46617125 -0.53130967 -0.14834473]],0.0
[[-0.35844343  1.26395356 -0.42537325]],0.03
[[ 0.54279303 -1.01895281 -0.52242044]],0.01
[[ 1.07791161 -0.57498675 -0.46480293]],0.03
[[ 1.39713211 -0.04394652 -0.24888081]],0.05
[[-0.16496169  0.26832413 -0.89328105]],0.05
[[-0.11306676 -0.94338174 -0.62702555]],0.07
[[ 0.48306834 -0.52690307 -0.80220095]],0.07
[[-0.30762045  0.36756093 -0.81258627]],0.08
[[-0.21620457  0.72309977 -0.71471169]],0.06
[[ 1.15790437  0.68939699 -0.37923073]],0.0
[[-1.57228112 -0.06130805  0.04989065]],0.03
[[-0.00419553 -1.4756071  -0.23658793]],0.04
[[ 0.09168178 -1.31117336 -0.3464052 ]],0.03
[[-1.20787806 -0.73674758 -0.25620338]],0.03
[[ 1.19761574 -0.17746495 -0.46811435]],0.05
[[ 0.81585126  1.12275759 -0.04210561]],0.0
[[-1.42966461 -0.09838437 -0.16285693]],0.01
[[-0.91696916  0.78289288 -0.30163723]],0.01
[[ 0.43616072 -1.35751698 -0.01803959]],0.02
[[ 0.96934422 -0.60192548 -0.64913631]],0.04
[[ 0.46542613 -1.29956219 -0.31894617]],0.02
[[ 0.23857544 -1.37261447 -0.08498318]],0.02
[[-0.98430901 -0.63706309 -0.4434716 ]],0.06
[[ 0.18868529  0.22565106 -0.92340181]],0.03
[[-0.09271408 -0.6174548  -0.76950617]],0.11
[[-0.18252559  0.00905576 -0.92933817]],0.03
[[-0.4443618  -1.29563508 -0.31381463]],0.06
[[ 1.23243849 -0.8917654  -0.17672647]],0.02
[[-0.51947935  0.08957922 -0.80951147]],0.08
[[ 0.86696815  0.32287106 -0.5376812 ]],0.04
[[ 0.61810579 -1.34176297 -0.18165163]],0.06
[[ 0.71258625  1.0690632  -0.37912388]],0.02
[[ 0.22879697 -1.43464678 -0.1777769 ]],0.04
[[-0.04069493  0.5767607  -0.76951607]],0.1
[[ 0.87148427 -0.01744051 -0.62860495]],0.05
[[-0.77767714 -1.25561487 -0.01808705]],0.01
[[-0.34841909 -1.30202334 -0.33156553]],0.03
[[ 0.04398864 -0.17608909 -0.93378794]],0.03
[[ 0.74074936 -1.19141791 -0.09559116]],0.05
[[-0.10096225 -1.32611963 -0.37216002]],0.05
[[-1.35045339  0.38958726 -0.24612655]],0.02
[[ 1.40651448 -0.20442264 -0.30160667]],0.06
[[-0.12778541  0.89543337 -0.67548901]],0.09
[[-1.46016041  0.27887678 -0.21201853]],0.02
[[-0.71676059 -0.24987289 -0.74169099]],0.08
[[ 0.68518552 -0.22497858 -0.72517849]],0.11
[[-0.6106125   1.42299897 -0.10155963]],0.01
[[ 0.27959651 -1.38106184 -0.26253421]],0.03
[[ 0.73274367 -1.21073702 -0.00369187]],0.01
[[-0.9810791   0.8572194  -0.37424035]],0.02
[[ 0.85985297 -0.84084098 -0.52207677]],0.02
[[ 0.66743916 -0.91158451 -0.31818944]],0.03
[[-0.67626399  0.85478447 -0.36621131]],0.03
[[ 1.22976879  0.75246663  0.07803925]],0.04
[[-0.3219621   0.59116847 -0.77123214]],0.12
[[-1.37795645  0.13536107 -0.31894611]],0.04
[[-0.62330325 -0.82708829 -0.59227626]],0.05
[[ -1.11022302e-16  -6.93889390e-18  -1.00000000e+00]],0.0
[[ 1.08660712  0.95060156 -0.39823561]],0.04
[[ 1.33622756 -0.13572256 -0.38548903]],0.02
[[-1.21965407  0.93176062 -0.1149985 ]],0.01
[[-0.22638829 -1.14686014 -0.48240516]],0.0
[[-0.5348444  -0.39811635 -0.72818402]],0.1
[[-0.71434314  1.12339052 -0.25600652]],0.03
[[ 0.46643494  0.81517678 -0.52526332]],0.03
[[ 1.08145402 -0.78829978 -0.25304251]],0.02
[[-1.17775218  0.17283967 -0.45075175]],0.03
[[-1.19797176  0.01785582 -0.41998012]],0.05
[[-0.92680849  0.03509184 -0.58808556]],0.04
[[-0.55878444  0.8377857  -0.47846275]],0.0
[[-1.46978066  0.29896871 -0.01322012]],0.04
[[-1.44297617 -0.0052943  -0.15771595]],0.03
[[ 0.99155658 -0.37760977 -0.6456934 ]],0.0
[[-0.96377392  0.65745423 -0.46759441]],0.04
[[-0.17413403 -1.2695388  -0.3649938 ]],0.05
[[-1.17260815  0.66517587 -0.26292462]],0.04
[[-1.14067336 -0.73706425 -0.21611621]],0.01
[[-0.11658007 -1.10698959 -0.47641115]],0.04
[[-0.85478861  0.86121788 -0.4459547 ]],0.01
[[ 0.55189794  1.37525347 -0.19285567]],0.02
[[-0.11720256  0.51638251 -0.77558597]],0.11
[[-0.8987273  -0.41766512 -0.64211934]],0.01
[[ 0.02267131 -0.92131745 -0.64152566]],0.07
[[-1.4023507  -0.31498075 -0.25228133]],0.03
[[-1.00093198  0.9876672  -0.05805049]],0.01
[[ 0.49356316  1.23036609 -0.27652488]],0.02
[[-0.51955609  0.42457965 -0.77769116]],0.08
[[-0.50465538  0.20134169 -0.81553846]],0.11
[[-1.31462769  0.70575812 -0.20005229]],0.04
[[ 0.75768142 -1.16647453 -0.49629901]],0.02
[[-1.11515299 -0.9665866  -0.10906086]],0.0
[[-0.35418853  1.42452997 -0.09228867]],0.02
[[-1.45451232  0.13180432 -0.15081965]],0.02
[[-1.08040058  0.05386261 -0.57719623]],0.03
[[-1.05464407 -0.76515475 -0.18938781]],0.03
[[ 0.91087351  0.74373769 -0.34590422]],0.01
[[ 0.86825818 -0.57848721 -0.57693693]],0.01
[[ 0.26715605  0.1778522  -0.89238549]],0.04
[[ 1.10083159  0.8541414  -0.10145689]],0.0
[[ 0.74909346  0.71986356 -0.69418867]],0.05
[[ 1.37198628  0.01792146 -0.27598611]],0.04
[[-1.19339434  0.27734057 -0.36111002]],0.03
[[ 0.29951634 -0.22605858 -0.85535555]],0.06
[[-1.22869046 -0.31711059 -0.27683261]],0.04
[[ 1.1620148   0.16601287 -0.41614186]],0.01
[[-1.14865538 -0.69764943 -0.19414943]],0.02
[[ 0.99243206  1.03144274 -0.28931647]],0.02
[[ 0.31769531 -1.23942791 -0.35122182]],0.03
[[ 0.87792591  1.17838526 -0.12335963]],0.04
[[ 0.97925306 -0.51815331 -0.47303654]],0.01
[[ 0.84591484  1.08371181 -0.02826102]],0.01
[[-0.91749424  1.24296114 -0.02868064]],0.02
[[ 0.3493076  -0.31802909 -0.83507423]],0.07
[[-0.39527533 -1.37978645 -0.19324678]],0.01
[[-0.50733667  1.42499487 -0.00606594]],0.03
[[ 0.65892817  0.72905631 -0.51542721]],0.02
[[ 0.76639808 -1.06925902 -0.04730573]],0.03
[[-0.20668008  0.81625053 -0.57707828]],0.09
[[ 0.04970465 -0.94773068 -0.58923559]],0.0
[[-0.18125878 -0.07914427 -0.92822311]],0.03
[[-0.61243895 -1.05664356 -0.41170694]],0.03
[[ 0.96617552 -0.72933263 -0.43802588]],0.03
[[ 0.93694484 -0.08451824 -0.56101975]],0.02
[[ 0.62458815  0.45826859 -0.70821625]],0.1
[[-0.53056234 -1.11343941 -0.29427771]],0.05
[[-0.59942168  0.29077511 -0.77481114]],0.1
[[ 0.44937513 -1.35869355 -0.02945461]],0.03
[[-0.46054133  0.28271316 -0.77724144]],0.09
[[ 0.52130583  0.5051336  -0.69820456]],0.08
[[ 0.11660036 -1.39657401 -0.2692027 ]],0.04
[[-1.05165365  0.84991498  0.0408303 ]],0.01
[[-0.92401962  0.32555954 -0.58900714]],0.03
[[ 1.32563438  0.19952562 -0.32595417]],0.04
[[-0.41411143 -0.87997115 -0.61679967]],0.07
[[ 0.84416707  0.63305135 -0.49749165]],0.03
[[ 0.7455753  -1.03785779 -0.36247783]],0.03
[[-0.29593497 -1.2011531  -0.27618358]],0.08
[[ 0.55036135  0.67698857 -0.64059037]],0.05
[[ 0.67868339 -1.13166845 -0.39741565]],0.02
[[ 1.12631215 -0.8755953  -0.16996252]],0.04
[[-1.43749678  0.73908237 -0.06092232]],0.04
[[ 1.08756556 -0.87387742 -0.0854363 ]],0.02
[[ 0.51125986  0.42328061 -0.7225003 ]],0.1
[[ 0.34091602  0.24137854 -0.92250232]],0.06
[[ 1.02545818  0.99211959 -0.07430239]],0.02
[[-0.28941265  0.60857201 -0.78657344]],0.12
[[-0.45046139 -0.45703616 -0.83694786]],0.1
[[-0.76255768  0.88772746 -0.436801  ]],0.04
[[-1.19959591  0.37608117 -0.30843456]],0.03
[[-0.49666938 -1.07384988 -0.586404  ]],0.04
[[-1.21406873 -0.55998552 -0.15010995]],0.04
[[-0.30404133 -0.69845139 -0.67759723]],0.11
[[ 0.75769104 -1.2392135   0.00352449]],0.05
[[-0.38807677 -1.40548745 -0.08189221]],0.01
[[ 0.42617963  0.34095128 -0.85099964]],0.08
[[ 1.45526432  0.07665074 -0.11769586]],0.01
[[-0.21996935  0.92231743 -0.69240261]],0.04
[[ 1.26948316  0.67228403 -0.09624574]],0.02
[[ 0.90383454  1.0628452  -0.2779999 ]],0.01
[[-0.76543975 -1.0970044  -0.10169064]],0.09
[[ 0.47053245 -0.25217193 -0.77889103]],0.09
[[ 0.62934877  0.75427871 -0.66833412]],0.05
[[ 1.28572511 -0.08012054 -0.37934061]],0.04
[[ 0.27389159 -1.14036829 -0.43276108]],0.03
[[-0.12355535 -0.87004454 -0.64346836]],0.01
[[ 0.09632982 -1.3790817  -0.25517059]],0.03
[[-0.03707486 -1.10720462 -0.55557031]],0.0
[[ 1.37983726 -0.63359937 -0.06677697]],0.04
[[ 1.33606696 -0.55300505 -0.08056347]],0.05
[[ 1.33867556 -0.40424164 -0.33827655]],0.04
[[-0.44582863  1.27022191  0.02270249]],0.04
[[ 0.06438375  0.9695499  -0.6066941 ]],0.02
[[-0.24175577 -1.41516317 -0.19935564]],0.05
[[-1.16032082  0.71188199 -0.32453925]],0.02
[[-0.12335729  0.34849694 -0.86262229]],0.06
[[-0.5124913  -1.40748833 -0.09789421]],0.01
[[ 0.25701532  0.74885169 -0.69772946]],0.07
[[ 0.17615387 -1.01052589 -0.5666115 ]],0.02
[[-0.24575583 -0.48061891 -0.79955953]],0.09
[[ 0.56670116  0.77091294 -0.68443331]],0.03
[[ 0.12967425  0.31292994 -0.88031201]],0.07
[[ 0.59771908 -1.22643819 -0.19798365]],0.06
[[-1.14910692  0.14307279 -0.57070445]],0.01
[[ 0.97343083  1.18309872 -0.15581205]],0.02
[[-0.1776868  -0.36863441 -0.86926956]],0.07
[[-1.12157361 -0.71173743 -0.27358908]],0.06
[[ 0.14598234  0.97127419 -0.60376363]],0.01
[[-1.1079539  -0.52881364 -0.26378071]],0.03
[[ 0.21286386 -1.05699689 -0.4543239 ]],0.01
[[-0.14967101 -1.42389313 -0.22001765]],0.04
[[-0.2417693   1.29327008 -0.31292827]],0.04
[[ 0.63100568  0.31122459 -0.70640859]],0.11
[[-0.48186992 -0.78153298 -0.66955018]],0.09
[[ 0.67496278  0.98043382 -0.49765672]],0.06
[[-0.83862041 -0.35124454 -0.68722976]],0.06
[[-1.33926964 -0.46521541 -0.11538589]],0.03
[[-1.55841316 -0.28664926 -0.09305634]],0.01
[[ 0.91787932  0.85283978 -0.3423559 ]],0.01
[[-1.2267958  -0.30519248 -0.49068991]],0.01
[[-0.3738906  -0.77049024 -0.68150933]],0.07
[[ 0.14514995 -0.89560707 -0.56598232]],0.01
[[ 0.01083188 -1.54785339 -0.15308759]],0.07
[[-0.32764804  0.17319821 -0.92834687]],0.05
[[ 0.38854758 -0.57688855 -0.6583878 ]],0.07
[[ 0.05057275 -1.25956892 -0.38839225]],0.02
[[ 1.09739491  0.62942911 -0.23910765]],0.03
[[ 0.84549388  1.05268171 -0.32230639]],0.01
[[-1.10525954  0.25291193 -0.46860489]],0.03
[[ 0.69316943  0.87601703 -0.47260673]],0.04
[[ 0.35285644  1.48054172 -0.11875111]],0.05
[[ 0.05024536  0.05720359 -0.97769601]],0.01
[[ 0.13992922 -0.44516197 -0.8663799 ]],0.07
[[ 0.56135316 -1.16020021 -0.41708959]],0.02
[[-1.26860549 -0.42719547 -0.1476633 ]],0.07
[[-0.41699016  1.32344261 -0.15788452]],0.02
[[ 1.45219425 -0.28619163 -0.18423062]],0.05
[[-0.33523356  1.27769388 -0.41740987]],0.06
[[ 1.45591131 -0.00494198 -0.22661549]],0.04
[[ 0.62752744 -1.38832072 -0.15522537]],0.02
[[ 0.54638753  1.15875768 -0.45372732]],0.02
[[ 1.4932215  -0.05598596 -0.25991902]],0.05
[[ 0.91469858 -0.39592761 -0.57963626]],0.02
[[ 1.27695866 -0.33078274 -0.26959226]],0.04
[[-1.19481046  0.21112881 -0.34858398]],0.01
[[-0.06704273  1.30087877 -0.4714444 ]],0.04
[[-0.48725098  0.45704439 -0.75959275]],0.08
[[ 0.3012409  -1.10853001 -0.41164455]],0.02
[[-1.52437724  0.2529165  -0.12578056]],0.03
[[ 0.8854471  -0.74040121 -0.52559869]],0.01
[[-0.74705192 -1.13661724 -0.10688534]],0.05
[[-1.30504238  0.2268475  -0.2219255 ]],0.0
[[-0.69079763  0.63933146 -0.61273154]],0.05
[[ 0.04127549  0.87598326 -0.69007502]],0.0
[[-0.70987061 -1.23431468 -0.24615628]],0.03
[[ 0.93508881  0.4460451  -0.50664107]],0.0
[[ 0.77260465  0.69434001 -0.45412603]],0.03
[[-0.55883525 -1.26059409 -0.1715284 ]],0.02
[[-0.35756421  1.41700445 -0.10355003]],0.03
[[ 0.52513057 -0.06057511 -0.78339176]],0.1
[[-0.64014799  0.87322228 -0.39453831]],0.03
[[-0.09957472 -1.17412357 -0.4824759 ]],0.02
[[ 0.16428194 -0.12968737 -0.93007616]],0.03
[[ 0.26039623 -0.44709532 -0.8359763 ]],0.09
[[-0.47574922  0.89597795 -0.56258869]],0.02
[[-0.56306527  0.81244618 -0.5620556 ]],0.04
[[-0.38941452 -0.38026316 -0.79759519]],0.1
[[ 0.70098957  0.92689482 -0.47648722]],0.01
[[-0.91785989 -0.85644907 -0.32059483]],0.04
[[-1.41841545 -0.29420993 -0.00273097]],0.02
[[-0.68043739 -0.75347105 -0.56317579]],0.04
[[-0.54471669  0.42153146 -0.80347957]],0.09
[[-0.88421243  0.10095376 -0.67377344]],0.01
[[ 1.12971462 -0.11344492 -0.47309251]],0.0
[[-0.35960428  0.97373556 -0.62332236]],0.02
[[ 0.62959608 -1.21805558 -0.22786617]],0.01
[[ 0.02664414 -0.53565472 -0.7698937 ]],0.1
[[ 0.00625103  1.50621269 -0.05015954]],0.0
[[-0.34065701 -0.81040692 -0.64087921]],0.06
[[ 0.99808943 -0.97861261 -0.23318276]],0.01
[[-0.36205486  1.31558091 -0.34537093]],0.04
[[-1.4693529  -0.15985744 -0.08909593]],0.0
[[ 1.00111243 -0.98700355 -0.110335  ]],0.0
[[ 0.55094897 -1.13550656 -0.30886053]],0.03
[[ 0.18938055  1.20052525 -0.41882388]],0.01
[[-1.09989408  0.07774487 -0.54913391]],0.04
[[-0.8900979  -0.38090979 -0.59967138]],0.03
[[ 1.27371134  0.61299533  0.04056413]],0.05
[[-0.07767768  0.47765821 -0.80644826]],0.08
