[[ 0.67003423  1.36178269 -0.05906624]],0.0
[[ 0.93738711  0.63509985 -0.30837103]],0.0
[[-0.22881729  1.23875023 -0.02943476]],0.0
[[ 1.12529633  1.37491031 -1.87816962]],5.0
[[ 0.62937135 -0.46863029 -0.70547869]],0.0
[[ 0.39028457  1.27455155 -0.02079039]],0.0
[[ -8.32667268e-17   0.00000000e+00  -1.00000000e+00]],0.0
[[ 1.26448131 -0.9099812  -0.27879043]],0.0
[[-0.74952723  1.3729589  -0.43617056]],0.0
[[-1.67275015  3.2444518  -0.92053038]],19.0
[[  0.00000000e+00   2.22044605e-16  -1.00000000e+00]],0.0
[[ 0.78906315  1.11589825 -0.4174635 ]],0.0
[[-1.46669215 -0.79467312 -0.40221068]],0.0
[[-0.14131015  1.70095272  0.04023158]],0.0
[[ 0.91504899  0.61404821 -0.28677114]],0.0
[[ 1.68876267 -0.02841243  0.29074327]],0.0
[[ 0.58793059 -1.1586273  -0.03690695]],0.0
[[-0.73391103 -0.22227611 -0.55013183]],0.0
[[-3.96527489  1.48621082 -2.08631495]],31.0
[[ 0.38582657  1.72733624 -0.18080317]],0.0
[[ 1.09392946 -0.37059806 -0.43098193]],0.0
[[ 2.76615185 -1.05668536 -1.26485987]],7.0
[[ 1.49938418 -1.31416504 -0.17947791]],0.0
[[ 0.27961757  1.56942191  0.02435316]],0.0
[[ 1.05490174  1.73045758 -0.36301899]],0.0
[[-1.3517642  -3.76413779 -1.7546134 ]],17.0
[[ -5.55111512e-17  -5.55111512e-17  -1.00000000e+00]],0.0
[[-0.87663779  0.86708961 -0.34934511]],0.0
[[-0.01810446 -1.39785705  0.10459856]],0.0
[[ 1.57150392  0.32488023 -0.2972057 ]],0.0
[[-1.72318039  0.16083712  0.13086756]],0.0
[[-1.01562578 -0.67178529 -0.07902206]],0.0
[[-0.98805764  2.43624061 -1.26242609]],11.0
[[-4.10339428  1.80018983  1.10504842]],21.0
[[-5.41144335  0.87440555 -1.42221972]],69.0
[[ 0.7813933  -1.40160069 -0.41115268]],0.0
[[  3.88578059e-16  -1.22124533e-15  -1.00000000e+00]],0.0
[[-0.92544139 -0.86248904 -0.41944424]],0.0
[[ 0.54745856  1.23894999 -0.2348587 ]],0.0
[[ 1.41269186 -0.2958784  -0.26877381]],0.0
[[ 0.75503548 -0.22658693 -0.51214094]],0.0
[[-1.34537236  0.97337682 -0.37527356]],0.0
[[-0.07325112  1.1834696  -0.42381492]],0.0
[[-1.42473895  1.38877615 -0.13942002]],2.0
[[-0.93252141 -1.11047593 -0.79484733]],2.0
[[ 1.36983016  0.21709249  0.15598355]],0.0
[[-1.86706329  1.0730398  -1.75049097]],9.0
[[ 0.14978178  1.02674086 -0.73457912]],0.0
[[-0.41044086 -1.06899341 -0.42211055]],0.0
[[-1.06628308 -0.52599007 -0.2095223 ]],0.0
[[-0.55758846  0.57620784 -0.61423171]],0.0
[[ 1.03340747  1.19936862 -0.89131348]],0.0
[[-2.20449165  2.65069552 -1.22851556]],23.0
[[-1.86299453  1.84398697 -0.0977    ]],14.0
[[ 0.40337037  1.2077449  -0.24831227]],0.0
[[-0.242457   -2.16072754 -0.21601588]],0.0
[[-0.98591142  1.16996792 -0.52594799]],0.0
[[-2.15701519 -3.39921469 -1.61318686]],39.0
[[-1.25711796  1.30239729 -0.69313755]],0.0
[[-2.26869946  2.56513174 -1.05023344]],19.0
[[ 1.46186625  1.40568367 -0.49322928]],0.0
[[ 1.89442594 -0.82680385  0.17958082]],0.0
[[ 0.67807484  0.48183265 -0.69592646]],0.0
[[-0.55057565  0.780755   -0.68694224]],0.0
[[-1.01913127  1.07337338 -0.68513173]],0.0
[[-1.37948344 -1.72103378 -1.04093526]],0.0
[[-1.35137045  0.20748977 -0.06580015]],0.0
[[ -6.66133815e-16   0.00000000e+00  -1.00000000e+00]],0.0
[[ 0.40649229  1.07004872 -0.16003708]],0.0
[[ 1.03998552  1.50016189 -0.32516905]],0.0
[[ 1.18328368 -0.95687453 -0.30805748]],0.0
[[ 0.75307903 -2.16275149 -1.4487807 ]],15.0
[[-1.67591888 -0.4272689  -0.34802986]],0.0
[[-1.20438709 -0.35129447 -0.62951729]],0.0
[[-1.16083321  0.9868506  -0.2138781 ]],0.0
[[ 0.205886   -0.63965498 -0.67139951]],0.0
[[-0.83806148 -0.65095077 -0.53170803]],0.0
[[  5.82867088e-16   2.91433544e-16  -1.00000000e+00]],0.0
[[-1.15760285 -0.86795992 -0.14667546]],0.0
[[  1.11022302e-16  -5.55111512e-17  -1.00000000e+00]],0.0
[[  4.11224374e+00   4.22098632e+00   2.32581400e-03]],46.0
[[-4.33617103  1.44455981 -1.30086568]],103.0
[[ 1.24020375 -0.55590114 -0.43809733]],0.0
[[ 1.15085487  0.7395554  -0.32067524]],0.0
[[ 0.1512061   1.39599134 -0.30362236]],0.0
[[ 2.06970044 -0.47181984  0.05166604]],2.0
[[ 0.46716082  1.42565907 -0.0540114 ]],0.0
[[-1.16966949  0.44493146 -0.47393272]],0.0
[[-0.7247824   1.47809982 -0.39081908]],0.0
[[-1.31455953 -1.11275473  0.31736136]],0.0
[[-0.23836353 -1.04501068 -0.70320285]],0.0
[[ 0.51048196 -1.68079512 -0.07120075]],2.0
[[-2.31848989 -2.0645406  -1.63822118]],41.0
[[-1.17013653 -0.87029156 -0.19249926]],0.0
[[ 0.24110945  1.61947818  0.23016483]],0.0
[[-0.0491966  -1.64019544 -0.13931784]],0.0
[[  5.55111512e-17   0.00000000e+00  -1.00000000e+00]],0.0
[[-1.15429128 -1.00628395 -0.6453254 ]],0.0
[[ 1.60097491  0.66067318 -0.26908378]],0.0
[[-1.37870574  0.85138668 -0.12874621]],0.0
[[-0.52097621  1.34985649 -0.11360733]],0.0
[[-2.16335868  1.67631663 -1.61770593]],11.0
[[-1.53987899  0.36453962 -0.3127713 ]],0.0
[[ 0.16084821  1.90540303 -0.38167767]],0.0
[[-0.42852874 -1.58203825 -0.561012  ]],0.0
[[-0.04464523  1.52247899  0.10787157]],0.0
[[ 1.79731309 -0.94678588 -0.49388273]],0.0
[[-1.03195264  0.70617735  0.02391961]],0.0
[[-1.49000706  1.53085223 -0.00334314]],0.0
[[-1.04796692 -1.21282988 -0.77698343]],0.0
[[-0.04572036 -2.05514135 -1.47354119]],15.0
[[ 2.75907319 -0.2644602  -0.18857551]],6.0
[[-0.52096736  1.24102297 -0.41525583]],0.0
[[ 0.20990289 -1.19490963 -0.23051295]],0.0
[[-0.37386201  1.82233105 -0.71081765]],2.0
[[ 0.06589053  1.43031419 -0.54487393]],0.0
[[ 0.01524712 -1.4107944  -0.15105733]],0.0
[[ -1.66533454e-16  -3.74700271e-16  -1.00000000e+00]],0.0
[[-1.10354419 -0.5608152   0.2597548 ]],0.0
[[-0.84977932  1.19699336 -0.35064962]],0.0
[[ 1.11703787 -1.10623272  0.29852725]],2.0
[[ -1.11022302e-16   5.55111512e-17  -1.00000000e+00]],0.0
[[-1.4646401  -0.07561024  0.14356768]],0.0
[[ 0.00235053 -1.26898178 -0.4221782 ]],0.0
[[-1.28358234 -0.12767898 -0.3277228 ]],0.0
[[-1.37858695  5.04639785 -1.4432886 ]],101.0
[[-0.91465564 -0.75459031 -0.2179236 ]],0.0
[[-0.12973522 -1.25644645  0.12873386]],0.0
[[ 0.81862573 -1.21154938 -0.37175492]],0.0
[[ 2.02757793 -1.01295039 -0.88940877]],0.0
[[ 0.98680576  0.52703168 -0.53701176]],0.0
[[-0.68922871  0.46642958 -0.70153307]],0.0
[[-1.55755859  0.43221957  0.04243033]],0.0
[[-1.5301195  -0.96342569 -1.00433925]],0.0
[[  6.24500451e-17   6.10622664e-16  -1.00000000e+00]],0.0
[[-0.28279215  1.38400279 -0.21726379]],0.0
[[ 3.04169775 -4.07735918 -1.09552612]],37.0
[[-1.46623074 -1.31706706  0.1024311 ]],2.0
[[-1.44824561  0.50746688 -0.0985977 ]],0.0
[[-3.91616373 -0.31767115 -1.05207694]],29.0
[[-1.43305074 -0.39488181 -0.38617167]],0.0
[[ 0.79937793 -0.50124456 -0.74498844]],0.0
[[-0.69376715 -2.56863625 -1.48404245]],7.0
[[ 0.1194702  -0.67079334 -0.71401244]],0.0
[[ 0.06265673 -1.80532502 -0.02896566]],0.0
[[ 0.55983216  1.5963461   0.00270993]],0.0
[[ 1.35167099  0.51565695 -0.14301837]],0.0
[[-1.36679928  1.31621607 -0.67606857]],6.0
[[-0.15421015 -1.55392285 -0.2665893 ]],0.0
[[-1.11779467  0.05030142 -0.38149407]],0.0
[[-0.58400433 -1.51802652 -0.72850185]],0.0
[[-0.91558034 -0.27600217 -0.66738098]],0.0
[[ 1.2668114  -3.39062669 -1.65914839]],17.0
[[ 1.24378585 -1.36568815  0.06694307]],0.0
[[ 3.98211103  4.59681183 -1.4419811 ]],65.0
[[ 0.77182054 -1.56363398  0.01231776]],0.0
[[ 3.34645069  1.39948643 -2.24185694]],16.0
[[-0.10538969  1.82958094 -0.44112765]],0.0
[[ 0.02444066  1.48515065 -0.78872549]],2.0
[[ -2.22044605e-16  -8.32667268e-16  -1.00000000e+00]],0.0
[[ 1.87135222  1.06879486 -0.04169188]],6.0
[[-3.37969924  5.42643223 -1.54208596]],59.0
[[ 0.3918958  -1.5569461  -0.36956705]],0.0
[[ -1.11022302e-16   0.00000000e+00  -1.00000000e+00]],0.0
[[ 1.77263525  0.80225645 -0.45303533]],0.0
[[-1.65797939 -0.35184483 -0.16072997]],0.0
[[ 1.32942992  0.1604413  -0.16391728]],0.0
[[ 1.52245109 -2.44673303 -0.01067213]],10.0
[[-0.59011091  1.4495749  -0.022798  ]],0.0
[[-0.79982364 -0.78030779 -0.89026154]],2.0
[[ 0.5894868  -2.53172156 -1.57964584]],11.0
[[-2.65617474 -0.51573859 -1.37787893]],7.0
[[ 4.88312379 -6.74153335 -2.41372812]],158.0
[[-2.17818268 -0.10170227 -0.92758795]],0.0
[[ 0.59720095  1.41155254 -0.5199548 ]],0.0
[[-0.47409625 -1.13466534  0.0632015 ]],0.0
[[-1.24009871  0.15449742 -0.58343776]],0.0
[[ 0.56584573 -1.40440834 -0.20068689]],0.0
[[-1.12561167  0.49793978 -0.4915062 ]],0.0
[[ 1.66748259 -2.70530211 -1.14864419]],13.0
[[ 1.134705   -0.55000794 -0.04328769]],0.0
[[ 0.24128112  2.18134976 -1.73204124]],11.0
[[ -7.77156117e-16   0.00000000e+00  -1.00000000e+00]],0.0
[[-1.11126921 -0.70714054 -0.67937123]],2.0
[[ 1.29769185  0.02206947 -0.12524581]],0.0
[[ 1.35681679 -0.25649391 -0.17835354]],0.0
[[-1.20922602  0.43982384 -0.13769161]],0.0
[[  0.00000000e+00  -5.55111512e-17  -1.00000000e+00]],0.0
[[-1.07390052 -1.35188892 -0.73936294]],0.0
[[ 1.91224972  2.17575948 -0.01963224]],8.0
[[ 0.57925181  1.15725339 -0.89446406]],2.0
[[ 0.40140232  1.34357249 -0.70542798]],2.0
[[ 1.53385099 -1.21758235 -1.22911741]],0.0
[[-0.72943376  4.67646174 -3.76077139]],85.0
[[ -3.88578059e-16   2.77555756e-17  -1.00000000e+00]],0.0
[[ 0.67057393 -1.76613593 -0.87318044]],0.0
[[ 0.7613537   1.24648439 -0.07390277]],0.0
[[-1.21503693  0.66059327 -0.25548374]],0.0
[[ 1.69801036  0.44662807 -0.53540784]],0.0
[[ 0.38305968 -1.37119212 -0.38258671]],0.0
[[-0.67332994  0.59957517 -0.56044238]],0.0
[[  9.99200722e-16  -1.66533454e-16  -1.00000000e+00]],0.0
[[-1.90383209 -1.11653473 -0.16797316]],2.0
[[ 1.03611683 -0.86210652 -0.76880128]],0.0
[[ 0.87528373 -1.05775981 -0.34090101]],0.0
[[-3.7737368   1.92771453 -1.26820995]],29.0
[[-1.30880488 -2.61095382 -2.90721807]],20.0
[[-0.35955174  0.63858901 -0.86878074]],0.0
[[ 1.05138839  0.88224135 -0.69639269]],0.0
[[-0.08146751  1.63591374 -0.25387398]],0.0
[[-0.70928318  3.64900604 -1.19848608]],13.0
[[ 0.29803432  1.31538221  0.1512451 ]],0.0
[[-0.04334852 -1.23591702 -0.03810515]],0.0
[[-1.35986761  0.11108096 -0.16969091]],0.0
[[-1.33053499 -0.26005702 -0.37255718]],0.0
[[ -1.11022302e-16  -1.66533454e-16  -1.00000000e+00]],0.0
[[-1.19870845  1.62952971 -0.04376736]],0.0
[[-0.97520804  0.1768822  -0.80453709]],0.0
[[ 1.49010876  0.07628788 -0.40377901]],0.0
[[ 1.30897337  0.51067236 -0.13285845]],0.0
[[  2.77555756e-17   2.22044605e-16  -1.00000000e+00]],0.0
[[ -1.11022302e-16  -2.77555756e-16  -1.00000000e+00]],0.0
[[-1.29040747  1.69548432 -1.8176408 ]],5.0
[[ 2.40263648 -2.71995011 -0.18325929]],26.0
[[-0.77746352 -0.97895226 -0.23940108]],0.0
[[ 1.00514691  0.5697151  -0.29975341]],0.0
[[-0.52786762 -1.36742625 -0.20548811]],0.0
[[ 1.03166335  0.33713721 -0.25551981]],0.0
[[-0.74917936 -0.8772511  -0.54776714]],0.0
[[  3.33066907e-16   4.44089210e-16  -1.00000000e+00]],0.0
[[ 1.48361879 -1.08439038 -0.46129945]],4.0
[[ 1.11928564 -0.93197034 -0.19761686]],0.0
[[-1.77522357 -0.2473216  -0.17044205]],0.0
[[ 1.22962826 -0.25368771 -0.42079706]],0.0
[[-2.89314381 -1.68933927 -0.18846143]],12.0
[[-0.09549423 -2.8943068  -2.72171484]],18.0
[[-1.34773108  0.22797868 -0.07808697]],0.0
[[-0.40567803  1.28284342 -0.0334114 ]],0.0
[[ 0.09216995  1.55052395  0.02931302]],0.0
[[-1.14753604  0.32799166  0.28459726]],0.0
[[-0.63301625  0.86288689 -0.50559433]],0.0
[[  0.00000000e+00  -5.55111512e-17  -1.00000000e+00]],0.0
[[-1.66712184  0.59504587  0.12394699]],0.0
[[ 0.92976715  2.86630816 -1.45309161]],19.0
[[  1.11022302e-16  -2.22044605e-16  -1.00000000e+00]],0.0
[[-1.13965402 -0.13112957 -0.70898366]],2.0
[[ 1.40016564 -1.57589869 -1.87161421]],5.0
[[ 1.25010026 -0.47584434  0.06951004]],0.0
[[ 1.56642132  1.4094768   0.03734414]],8.0
[[-0.27482766 -1.51041536 -0.09568137]],0.0
[[ 1.5579444   0.77467113 -0.51230702]],0.0
[[-1.09578408  1.12759984 -0.25828558]],0.0
[[ 1.34621693  1.30031331 -1.90726313]],5.0
[[-1.28046325  0.35220822  0.12472037]],0.0
[[-0.17389033 -1.5220609  -0.22678078]],0.0
[[-0.24154473 -1.01604546 -0.44347117]],0.0
[[ 0.90904107 -1.35186859 -0.42436409]],0.0
[[ 0.57681962  0.59780052 -0.48076674]],0.0
[[-1.18274128 -0.58780904 -0.747652  ]],2.0
[[ 0.81377979 -1.96711576 -0.20607283]],0.0
[[ 0.37745893  1.06168411 -0.34815433]],0.0
[[-2.99344465 -1.26018187 -1.5287228 ]],13.0
[[-0.6827119  -0.794471    0.09914926]],0.0
[[ 1.37570275 -0.00473895 -0.35959918]],0.0
[[ 1.24361222 -0.2937912  -0.12234956]],0.0
[[ 1.78719068  1.23592253 -0.08377125]],4.0
[[ 1.42250635  0.34879149 -0.1085628 ]],0.0
[[ 0.98206879  1.01645752 -0.77424246]],0.0
[[ 1.58553337  0.29430742 -0.46564611]],0.0
[[ 1.30360891 -0.3765011  -0.03994578]],0.0
[[ 1.06977995 -0.37206283 -0.30353421]],0.0
[[ 0.48948797 -0.78435307 -0.48439365]],0.0
[[-1.46949027  1.4144828  -0.89396376]],0.0
[[ 2.75204508 -4.17918212 -1.06765051]],41.0
[[  1.38777878e-17  -1.66533454e-16  -1.00000000e+00]],0.0
[[-1.28672861 -0.14242744 -0.21342402]],0.0
[[-1.62728012  1.0892188  -0.36070306]],2.0
[[ 1.32015791 -0.69429242 -0.00180381]],0.0
[[ 0.22622335 -1.36357437 -0.23459147]],0.0
[[ 1.84347164 -1.83704895 -0.21163156]],4.0
[[ 1.34904714 -1.96845111 -1.40554197]],5.0
[[-0.34799007  0.82765717 -0.60201091]],0.0
[[-0.61054282 -1.16210724 -0.96793735]],0.0
[[  2.77555756e-17  -2.77555756e-17  -1.00000000e+00]],0.0
[[-0.55784023  1.91089246  0.28390456]],2.0
[[ 1.75612773 -0.29335733 -0.31424391]],0.0
[[-1.53390392  0.01249703 -0.36587489]],0.0
[[ 1.30487928 -1.68855516 -0.32377331]],0.0
[[-2.26551985  2.17982971 -1.14478648]],15.0
[[-1.0787257  -0.44173661 -0.67606684]],0.0
[[-0.99688122  0.45525631  0.17551524]],0.0
[[ 0.07125293 -1.29711884 -0.09850278]],0.0
[[-1.19720093 -1.26543174 -0.13948652]],2.0
[[-0.28362887  1.87306634  0.13084135]],0.0
[[-1.29884394 -0.19375513 -0.3774136 ]],0.0
[[-0.46121266  1.17632046 -0.57392591]],0.0
[[ 0.22428799 -1.30764076 -0.441363  ]],0.0
[[ -1.66533454e-16  -2.77555756e-16  -1.00000000e+00]],0.0
[[-1.73809343 -0.41585338 -0.15023363]],0.0
[[ 1.10637062  1.27710037 -0.34643923]],0.0
[[-0.08707019 -1.27399839 -0.21641133]],0.0
[[-0.32969219 -1.05220091 -0.65352501]],0.0
[[ 1.73174312  0.29056502 -0.35471963]],0.0
[[ 0.80081987 -0.71896571 -0.41168849]],0.0
[[-1.50943326 -1.05120966  0.18949497]],0.0
[[-0.91354723 -1.59272466 -0.12352397]],0.0
[[-0.79355648  0.58607667 -0.29442641]],0.0
[[-1.4462667   0.22135916 -0.14152872]],0.0
[[-0.90333533 -1.53948877 -0.37506811]],0.0
[[ 1.26525522  0.13857579 -0.36477377]],0.0
[[-0.922462    0.85666935  0.01178592]],0.0
[[ 2.39248841 -0.25214847 -1.57657951]],9.0
[[-0.9870609  -2.62051099 -1.72629119]],15.0
[[-0.48011735 -0.37533089 -0.68573483]],0.0
[[-1.4700147   0.50119727 -0.12132492]],0.0
[[-1.20798544 -1.23719734 -0.40906041]],0.0
[[-1.58077705 -0.9473584  -1.62447689]],7.0
[[-0.76822548  0.90571745 -0.31966658]],0.0
[[ 0.85831234 -0.39891798 -0.46006028]],0.0
[[-0.05924455  1.5078382  -0.24917252]],0.0
[[ 0.84738609 -1.63601797  0.48973502]],0.0
[[ 0.87717618  2.19644701 -1.55274216]],0.0
[[-2.59873728  0.17648332 -1.83402669]],9.0
[[-1.51995237  0.61246865 -0.12069735]],0.0
[[-0.79436636  1.04969521 -0.0700939 ]],0.0
[[ 1.27255516  0.31942022 -0.33826223]],0.0
[[  3.33066907e-16   2.77555756e-16  -1.00000000e+00]],0.0
[[ 0.54139127  0.60159081 -0.88513167]],0.0
[[ 2.04548432  0.29629771 -1.46863646]],5.0
[[ 0.82936757 -0.49661204 -0.35462214]],0.0
[[ 1.40123462 -0.34233564  0.02011599]],0.0
[[-1.46491345  0.58132818 -1.78945966]],11.0
[[ 2.02061697 -0.74045575  0.44276882]],0.0
[[-2.64766277 -0.32993108 -1.53859966]],11.0
[[-0.21240629 -1.57927001 -0.01509074]],0.0
[[ -1.66533454e-16  -5.55111512e-17  -1.00000000e+00]],0.0
[[ -5.55111512e-17   0.00000000e+00  -1.00000000e+00]],0.0
[[ 0.13927609 -1.47496968 -0.3074313 ]],0.0
[[-1.53106016  0.27077106 -0.31868447]],0.0
[[  1.66533454e-16  -1.11022302e-16  -1.00000000e+00]],0.0
[[ 0.30622447 -1.41503826 -0.42679004]],0.0
[[-1.09465683 -0.26774738 -0.83247159]],2.0
[[ 1.27268649 -0.60357604 -0.26834268]],0.0
[[-0.50434948  2.399383   -1.51448023]],9.0
[[-1.35820653  0.55001514 -0.06739692]],0.0
[[ 1.32038666  0.64969131  0.1430993 ]],0.0
[[-1.13511586  1.13942637 -0.60846137]],0.0
[[-2.79786544 -3.31407278  0.15840391]],20.0
[[ 0.43273688  1.00669471 -0.55108137]],0.0
[[-0.31901229 -1.11060597 -0.32523999]],0.0
[[-0.84739025  1.72766171 -0.39809934]],2.0
[[-0.46067413 -1.60451704 -0.21268427]],0.0
[[-1.24279438  0.49420509 -0.32172704]],0.0
[[ 0.8703373   1.40285261 -0.32753561]],2.0
[[ 0.26569042 -1.28557193 -0.29210219]],0.0
[[-4.88061001 -5.15085158 -3.82109656]],65.0
[[  1.11022302e-16   1.11022302e-16  -1.00000000e+00]],0.0
[[ -2.01227923e-16   1.38777878e-16  -1.00000000e+00]],0.0
[[ 0.7803633  -0.97176445 -0.5506516 ]],0.0
[[-0.41033783 -2.87472655 -1.04234996]],27.0
[[ 1.0394495  -1.58366073 -0.35843258]],0.0
[[  2.77555756e-17  -5.55111512e-17  -1.00000000e+00]],0.0
[[-1.51330108  0.19290896 -0.12599548]],0.0
[[-0.25878259 -1.38282697 -0.36827008]],0.0
[[ 1.07061132 -0.28535746 -0.57621708]],0.0
[[-1.10187233 -2.2474943  -0.76517126]],0.0
[[ 0.05836105  1.64290006 -0.24655609]],0.0
[[-0.38256873 -1.15978355 -0.40634004]],0.0
[[ 0.77144626  0.81967138 -0.84558196]],0.0
[[ 0.66654148  1.5884214   0.4232991 ]],0.0
[[ 2.01306454  0.19289931 -1.465619  ]],9.0
[[-0.56365513  1.20471814 -0.31042336]],0.0
[[-0.94407346  1.37620977 -0.36549417]],0.0
[[-0.78181974  1.3224349  -0.26915565]],0.0
[[-1.08470272  0.1964045  -0.35240354]],0.0
[[ 1.34018417 -0.05458843 -0.12832573]],0.0
[[ 0.89611321  0.9051907  -0.28082832]],0.0
[[-1.50485462 -0.79280302 -0.32736786]],2.0
[[-1.12325307  0.96478477 -0.83361481]],0.0
[[-0.65127359  1.10125178 -0.22705996]],0.0
[[-0.6877246  -4.09090168 -0.93287456]],21.0
[[ 0.49752666  0.9081053   0.16617272]],0.0
[[ 0.7008381   1.16342579  0.024054  ]],0.0
[[ 1.37376512 -1.40060296 -0.67509075]],0.0
[[ 0.81622171  1.00316622 -0.65929429]],0.0
[[-1.6387507  -0.84176559 -0.14057301]],8.0
[[-0.7307573  -0.928633    0.03996244]],0.0
[[-0.04992933 -2.15186959 -1.61477646]],13.0
[[-1.17385997  1.0325475  -1.87753681]],5.0
[[ 0.06093564  1.3778766  -0.08889169]],0.0
[[-1.90211251  0.46775774  0.12824451]],0.0
[[-0.95435269  0.31326162 -0.69203792]],0.0
[[-0.98665991 -1.30291131 -0.42449761]],0.0
[[-0.52383291  1.26841723 -0.35475534]],0.0
[[ 0.9304906  -3.21275824 -1.73734386]],23.0
[[ 0.86017788 -1.1328111   0.21069916]],0.0
[[ 0.55482479 -1.04423704 -0.70734354]],0.0
[[ 0.35217858  1.70944566 -0.48108088]],0.0
[[-0.89095565 -0.64789564 -0.5401984 ]],0.0
[[ 1.67023075 -1.20700446 -0.49032217]],0.0
[[-0.90444873  1.57238904 -0.02121581]],0.0
[[ 1.34968213 -0.21544747 -0.34866902]],0.0
[[-1.27248813  0.40048706 -0.24671917]],0.0
[[-1.2118259   1.54074847 -0.32969599]],4.0
[[ 1.05656615  1.25358916  0.10539278]],0.0
[[  1.66533454e-16   2.22044605e-16  -1.00000000e+00]],0.0
[[-0.6077017  -0.68459953 -0.8396807 ]],0.0
[[ 0.67764531 -1.1082896  -0.68957534]],0.0
[[ 0.45644617  2.75812936 -0.81855348]],20.0
[[-0.20660898  1.47603787 -0.21280308]],0.0
[[ 1.37636406 -0.43018533 -0.34925591]],0.0
[[ 0.72109211  1.29243121 -0.5311742 ]],0.0
[[ 0.70516126 -1.05701012 -0.40359724]],0.0
[[ 0.160922    1.47846427 -0.31963184]],0.0
[[ 0.84426956 -0.77666413 -0.39994431]],0.0
[[ 0.86852634 -0.01720252 -0.65857641]],0.0
[[ 1.76269453  0.05720762  0.10110634]],0.0
[[ 2.05836216 -2.45318302 -1.35033827]],15.0
[[ 0.82866319 -0.85562768 -0.20051684]],0.0
[[ 0.89794231 -1.32026585 -0.04163684]],0.0
[[-1.61873839 -0.0447477  -0.26153991]],0.0
[[ 1.20490869  0.69973836 -0.41123427]],0.0
[[ 0.8265833  -0.26927038 -0.56250259]],0.0
[[ 1.44034791 -0.97985703  0.28887793]],0.0
[[-1.54918348  0.56383814 -0.34519917]],0.0
[[ 0.94430772 -1.75054192 -0.3962428 ]],0.0
[[-2.00567488  0.45519038 -0.1581436 ]],0.0
[[ 0.71067456  0.48631496 -0.8654774 ]],0.0
[[-1.48356417  0.99140579 -0.56824481]],2.0
[[-0.21450642  1.34371364 -0.22674634]],0.0
[[ 0.78544603  0.79411724 -0.8224392 ]],0.0
[[ 1.52948816  1.66784925 -0.20581585]],2.0
[[ 0.29943062  2.09540578 -0.14933943]],0.0
[[ 0.99561379 -0.52184034 -0.60578945]],0.0
[[ 1.7117705  0.6603561 -0.0975848]],0.0
[[ 2.22356351  2.49677869 -1.73338431]],11.0
[[-0.38444607  2.16191089 -0.31487577]],0.0
[[ 1.38806918  0.29970321  0.41977075]],0.0
[[  2.77555756e-17   2.22044605e-16  -1.00000000e+00]],0.0
[[-0.47481593 -0.92391074 -0.36563956]],0.0
[[-0.76242193 -1.67974622 -0.47672737]],0.0
[[-0.39133245  0.76186741 -0.6528716 ]],0.0
[[ 1.25283229 -0.97826813  0.10421789]],2.0
[[-0.96907618  0.23501052 -0.56156277]],0.0
[[ 0.41608773 -1.58417449 -0.72843553]],4.0
[[-1.00076102  0.23265728  0.32557111]],0.0
[[-0.63281044  0.9891696  -0.49362271]],0.0
[[ 0.7568398   1.51992095 -0.06651915]],0.0
[[-0.9514288   0.71863229 -0.47428351]],0.0
[[ 1.71917535  0.38916012 -0.13327169]],0.0
[[ 0.18081595 -0.78097072 -0.58569058]],0.0
[[ 0.61852842  2.46792741 -1.39802204]],17.0
[[-0.74047161  1.41571997 -0.26365777]],0.0
[[ 1.40323767 -1.88498221 -1.67581186]],9.0
[[-1.55573259 -0.91051946  0.11402697]],0.0
[[ 1.24998237  1.14730054 -0.37733974]],0.0
[[-1.39095368 -0.18469214 -0.7002122 ]],0.0
[[-1.5017518  -0.29012292  0.14315821]],0.0
[[ 1.39549898  0.58514149 -1.52975119]],7.0
[[-0.30441701  1.5130514   0.03312097]],0.0
[[ 0.42844184 -1.22099552 -0.19513146]],0.0
[[ 1.1940055   0.42474865 -0.5590682 ]],0.0
[[-2.44661773  1.14763159 -1.30316193]],7.0
[[ 1.48247763 -0.1491079   0.0312477 ]],0.0
[[-0.40974407  1.41169113 -0.40126233]],0.0
[[ 0.0471247  -1.39411842 -0.47255412]],0.0
[[-1.03029255  0.9295607  -0.64104655]],0.0
[[-1.41855083 -0.04312619  0.02734901]],0.0
[[ 1.17008729 -0.16654667 -0.57741675]],0.0
[[-0.87262937 -0.87459445 -0.49794622]],0.0
[[-0.98382706 -1.09549795 -0.13531081]],2.0
[[ 1.26095866 -0.62010229  0.22648844]],0.0
[[ 0.96342587 -0.57721443 -0.69475483]],0.0
[[ 1.5599406   1.01587842  0.05239757]],0.0
[[-0.64777502  1.51165196 -0.25517307]],0.0
[[-0.25549    -1.26435073 -0.15242566]],0.0
[[-1.43720383  0.65863829 -0.16961602]],0.0
[[ 0.83999721 -0.5914257  -0.72326534]],0.0
[[ 1.27774614 -0.21575631 -0.61389946]],0.0
[[ 0.23022276 -1.42716226 -0.28823309]],0.0
[[ 0.21922435 -1.43437456  0.10644824]],0.0
[[ 2.92938677 -1.2900846  -1.06681712]],0.0
[[-0.29155631 -0.65400391 -0.74317223]],0.0
[[ 0.89424792  1.05041037 -0.56035437]],0.0
[[ 0.68716716  1.29634258 -0.27497472]],0.0
[[ 1.11145806  0.8052184  -0.00474843]],0.0
[[ 1.49440812 -0.06012041 -0.44348472]],0.0
[[ 1.06798814 -0.47757749 -0.66094635]],0.0
[[ 2.06627332  0.98233593 -1.40464303]],7.0
[[-1.05566462 -1.11815088 -0.5980569 ]],2.0
[[-2.44214444 -1.92429912 -1.1221674 ]],11.0
[[-1.03905539  0.43736422 -0.6409055 ]],0.0
[[ 2.55942872  0.95398455 -1.74228595]],9.0
[[ 3.976654   -1.4631955  -2.36207109]],40.0
[[-1.28894427  0.01519667 -0.43793535]],0.0
[[  1.11022302e-16   1.11022302e-16  -1.00000000e+00]],0.0
[[-1.36539533  0.15973383  0.0849451 ]],0.0
[[ 0.37653359  0.93708783 -0.93483686]],2.0
[[ 2.17467686 -1.69971965  0.13670558]],6.0
[[-0.66462214 -1.048917    0.18423247]],0.0
[[-1.10510987 -0.23937936 -0.48769368]],0.0
[[ 1.16764798  0.25525762 -0.74838041]],2.0
[[-0.12977335  1.16603229 -0.54967595]],0.0
[[ 0.45534277 -1.52565431 -0.08988619]],0.0
[[-0.72092904 -0.76967554 -0.45480318]],0.0
[[-0.59188517 -0.70310449 -0.88195704]],0.0
[[ 1.13526256  0.41934206 -0.58348092]],0.0
[[ 0.2849449   1.21947777 -0.41395736]],0.0
[[-0.4784146  -0.56617446 -0.66518823]],0.0
[[ 0.95216901  0.34125513 -0.49465789]],0.0
[[ 1.04490031 -0.82120423 -0.15952649]],0.0
[[-0.83422315 -1.69803143 -0.59035142]],0.0
[[ 0.88380123 -0.23564687 -0.63517243]],0.0
[[-0.66191461 -2.60156685  0.06884115]],6.0
[[-0.3341441   1.30180676 -0.48113617]],0.0
[[-1.81685874 -0.93723796 -0.56660425]],0.0
[[ 1.35344138  2.25971527 -0.84050074]],0.0
[[-2.06028455 -0.6623343  -0.52691965]],14.0
[[ 1.3497073   2.30511128 -0.73912774]],6.0
[[-0.79114568 -0.98096292 -0.10683574]],0.0
[[-0.87886476  0.09998134 -0.54571612]],0.0
[[ 0.59397838 -1.58497133 -0.53730021]],0.0
[[-0.88739076 -1.91972164  0.1483076 ]],0.0
[[-1.15260667  0.30306369 -0.01796318]],0.0
[[-0.31706245 -2.44450042 -1.25270273]],11.0
[[ 0.82671314  0.11662536 -0.42182995]],0.0
[[-0.30825726 -2.44157172 -1.43213814]],11.0
[[ 0.44707971 -4.36782085 -3.51007106]],95.0
[[ 1.2770659  -3.3666428  -1.78269468]],39.0
[[ 1.2390674  -0.77142452 -0.72806728]],4.0
[[-0.41059594 -0.70902387 -0.6527875 ]],0.0
[[-0.06718645 -1.0283756  -0.27951112]],0.0
[[-1.73494707  0.91524871 -0.7041131 ]],6.0
[[-0.71925884 -1.03838841 -0.10527789]],0.0
[[ 1.23193284 -0.22854315 -0.31520383]],0.0
[[ 0.67105825  2.74079009 -1.81544903]],15.0
[[ 0.34374322 -1.54817636 -0.44918178]],0.0
[[-1.29415938 -0.13466359 -0.25555949]],0.0
[[-0.93060524 -1.38590405 -0.17685765]],0.0
[[  0.00000000e+00  -1.38777878e-16  -1.00000000e+00]],0.0
[[ -5.55111512e-16   1.11022302e-16  -1.00000000e+00]],0.0
[[-1.35068362 -0.06387259 -0.08459571]],0.0
[[-1.71226164  0.7872386   0.06292346]],0.0
[[ 0.76114767  0.36644998 -0.60242272]],0.0
[[-1.52311005 -0.48471768 -0.16417003]],0.0
[[ 0.40806039  1.44190182  0.18612695]],0.0
[[ 1.91786411  0.34021595 -0.76417748]],0.0
[[ 0.97710147 -1.03447533 -0.24149972]],0.0
[[-0.50159784  1.41497908  0.03718426]],0.0
[[-1.82466064  0.35080569 -0.25581726]],0.0
[[ 0.11414768  1.64792682 -0.43192884]],2.0
[[-1.6445558   0.32850247 -0.51989319]],0.0
[[ 1.48512697 -1.36733332 -0.99302913]],0.0
[[-0.48288524 -1.36354248 -0.18771407]],0.0
[[ 0.58969102  1.13467748 -0.32619362]],0.0
[[-1.12276462 -0.44327742 -0.32844774]],0.0
[[ 3.53530098 -1.88644672 -1.23862817]],21.0
[[  0.00000000e+00   3.33066907e-16  -1.00000000e+00]],0.0
[[-2.73744887  0.1865116  -1.63203208]],17.0
[[ 0.83914175  0.79835063 -0.39245502]],0.0
[[-1.83034972  0.98387374 -0.28193844]],0.0
[[-0.84499809  0.6424075  -0.46663453]],0.0
[[ -5.55111512e-16  -3.33066907e-16  -1.00000000e+00]],0.0
[[-2.48385012  0.64439105 -0.61117593]],0.0
[[ 1.27000017 -0.20917148 -0.27761539]],0.0
[[ 0.26718487 -1.41301824 -0.40176356]],2.0
[[  2.77555756e-17   0.00000000e+00  -1.00000000e+00]],0.0
[[ 0.18995297 -1.16960647 -0.22582636]],0.0
[[ -4.23772116e-04   1.48192160e+00  -1.76501471e-01]],0.0
[[ 1.20577792 -0.57384917  0.07748902]],0.0
[[ 1.18798205 -1.98909457  0.04146955]],4.0
[[  8.32667268e-17  -2.77555756e-16  -1.00000000e+00]],0.0
[[ 0.72182605  0.17082977 -0.66426076]],0.0
[[-1.83885917  2.03505224 -0.97081095]],0.0
[[ 1.58563959  1.57801529 -1.725816  ]],13.0
[[ 0.84574566 -1.51806314  0.24339698]],0.0
[[ 0.10082144  1.50510116 -0.10906603]],0.0
[[ -2.77555756e-17   1.38777878e-17  -1.00000000e+00]],0.0
[[-0.3631234   1.95013633 -0.24611402]],0.0
[[  7.63278329e-17  -5.55111512e-17  -1.00000000e+00]],0.0
[[-1.31037296 -0.3950802  -0.28042104]],0.0
[[ 1.45681861  0.29084826 -0.14325405]],0.0
[[  5.55111512e-17  -2.22044605e-16  -1.00000000e+00]],0.0
[[ 1.4058646   0.23723457  0.02450708]],0.0
[[ 0.60355404  0.73863527 -0.93253284]],0.0
[[-0.52602163  0.62366429 -0.76236454]],0.0
[[-1.16818348  0.98991073 -0.62542198]],2.0
[[-1.40517628 -0.07912905 -0.45838981]],0.0
[[ 0.81836812  0.91640999 -0.37190029]],0.0
[[-0.90339303 -0.24337165 -0.71660911]],0.0
[[-1.31772247  0.48972341 -0.42340866]],0.0
[[ 2.33286705 -0.74859928 -1.83126571]],11.0
[[ -1.94289029e-16   2.77555756e-16  -1.00000000e+00]],0.0
[[ 1.57195053  0.06724792  0.22218854]],0.0
[[-1.26821189  0.86852736 -0.62028537]],0.0
[[ 0.88380477 -1.35418239 -0.4740725 ]],0.0
[[ 0.01694085 -1.20519507 -0.6460774 ]],0.0
[[ -2.77555756e-17  -2.77555756e-16  -1.00000000e+00]],0.0
[[ 1.02943144  0.43330778 -0.39898284]],0.0
[[-1.01701043  1.16159086 -0.88397993]],0.0
[[ 0.14179342 -1.3096884  -0.34760129]],0.0
[[-0.59087365 -2.4658001  -1.01929268]],5.0
[[-0.799292   -0.40761896 -0.50510106]],0.0
[[-0.28605181 -1.13652231 -0.17795116]],0.0
[[-0.55842785  0.94726288 -0.72561203]],0.0
[[-1.12144233  1.00524403 -0.35144852]],0.0
[[ 0.32236163  1.61415482 -0.30383879]],0.0
[[ 0.7129593  -4.19117131 -1.07652336]],21.0
[[-0.7984731   1.01694592 -0.41330422]],0.0
[[-1.89934379 -0.14415009 -1.7571421 ]],11.0
[[ 0.68439909  0.90550644  0.22205259]],0.0
[[-0.06850028  1.5679639   0.11760174]],0.0
[[ 0.01507365  1.3523826   0.28766179]],0.0
[[ 1.43426919 -0.09662798  0.27056534]],0.0
[[ 1.31017716 -0.07445508 -0.25936448]],0.0
[[ 1.26518138  1.46677927  0.00687875]],0.0
[[-1.26249175  0.26468176 -0.41322464]],0.0
[[ 1.96135444 -2.05185247 -0.20925713]],10.0
[[ 0.5679863   3.40073302 -0.01228863]],12.0
[[ 1.28085746 -1.62713393 -1.69963768]],5.0
[[-1.13905055  0.94020338 -1.91182106]],5.0
[[-1.58742169 -0.72431395 -0.06708995]],0.0
[[-2.62316236  0.35867201 -1.73010517]],17.0
[[-0.70423854  0.50941837 -0.79606781]],0.0
[[-0.09429622 -1.03238809 -0.63679444]],0.0
[[-0.87796957  0.85470552 -0.20749128]],0.0
[[-1.28069418 -2.16675715 -0.38026856]],4.0
[[  1.66533454e-16   0.00000000e+00  -1.00000000e+00]],0.0
[[ 1.64348794 -1.96873873 -0.7755379 ]],12.0
[[-0.83546802  0.72493501 -0.34046794]],0.0
[[-2.37664703 -0.35342233 -1.35264713]],7.0
[[-1.13462933  0.68205968 -0.78579002]],4.0
[[-0.79414926 -0.97739899 -0.27380837]],0.0
[[-0.10858706 -1.46575119 -0.407108  ]],0.0
[[-0.65481813 -2.20302811 -0.19774884]],0.0
[[-0.84506619  2.19849336 -1.67283355]],5.0
[[-0.76807917  0.9047008  -0.80741414]],2.0
[[ 1.53860863 -0.75306934 -0.01770103]],0.0
[[-1.07784466  2.10392343 -1.37003805]],13.0
[[-1.17136738  0.4726327  -0.37009867]],0.0
[[ 1.21898346  0.95002858 -0.52244533]],0.0
[[-1.08648179  1.2278018  -0.90961284]],0.0
[[ 1.31774339  0.47377993 -0.79739825]],2.0
[[-0.15992531  1.21573638 -0.37904307]],0.0
[[-1.37482046 -0.38042558 -0.78801124]],2.0
[[-1.55785718 -0.05084344 -0.02217791]],0.0
[[-1.58504868  0.33712599 -0.24222404]],0.0
[[ 1.86381301  0.07238325 -0.2169253 ]],0.0
[[ 0.98625399 -1.13493247 -0.29928494]],0.0
[[ 4.02371751 -0.99963702 -0.78710951]],31.0
[[-2.58354142 -1.31485363 -1.12054253]],11.0
[[ -1.11022302e-16   5.55111512e-17  -1.00000000e+00]],0.0
[[-0.69486368  1.05213446 -0.89127843]],2.0
[[-0.96240405 -0.03458368 -0.46966318]],2.0
[[-0.57037494 -1.34321059 -0.63592839]],0.0
[[  9.58832769e-04  -3.50605132e+00  -1.59085455e+00]],27.0
[[-0.6321089  -2.48848195 -1.74176582]],33.0
[[-0.54663755 -0.42193812 -0.7157227 ]],0.0
[[-1.34886668 -2.98918761 -1.52891836]],11.0
[[ 0.40883403  1.21223181 -0.05163831]],0.0
[[  1.11022302e-15  -5.55111512e-17  -1.00000000e+00]],0.0
[[-1.3138195   0.37838801 -0.12412384]],0.0
[[-0.78628291 -2.75604349 -1.96858596]],19.0
[[ 0.97315929 -0.436604   -0.50489566]],2.0
[[ 1.12041526 -1.76203262 -0.17153169]],2.0
[[-0.18111594 -1.582984   -0.56332822]],2.0
[[  2.22044605e-16   5.55111512e-17  -1.00000000e+00]],0.0
[[ 2.0980907  -0.51400463 -0.39952136]],0.0
[[-1.22810727  0.28602594 -0.1465371 ]],0.0
[[-0.427715    1.69941327 -0.11263056]],0.0
[[ -3.33066907e-16  -1.11022302e-16  -1.00000000e+00]],0.0
[[ 1.72498782 -0.06955465 -0.39881378]],0.0
[[-0.90190534  1.10666011 -0.14966124]],0.0
[[ 1.17147944 -1.15910495 -0.3233864 ]],0.0
[[-0.72490067  3.31635535 -1.10929371]],11.0
[[ 0.61304501 -1.04219967 -0.10533963]],0.0
[[-1.36253701 -0.02591498  0.13111564]],0.0
[[ 0.0116391  -2.20852248 -0.25089068]],2.0
[[  1.11022302e-16   5.55111512e-17  -1.00000000e+00]],0.0
[[ 1.88947373  1.09887004  0.20155057]],4.0
[[ 3.43031632 -4.03898143 -0.35940979]],30.0
[[ 0.20917242 -1.07351818 -0.39561599]],0.0
[[-0.98739199 -1.823826    0.1238806 ]],4.0
[[ 2.72041768  8.68876013 -1.10525679]],407.0
[[ 1.28271316  0.73175428 -0.76330029]],0.0
[[-2.44956957 -0.11781105 -1.51968777]],17.0
[[ 0.00170567  1.30857294 -0.28622765]],0.0
[[-0.28584336  0.64522232 -0.69034204]],0.0
[[-1.38646601 -0.11906431 -0.84175703]],2.0
[[ 0.71880365 -0.3186655  -0.46041931]],0.0
[[ 0.84746606 -0.90897972 -0.31025063]],0.0
[[-1.63035595 -0.60836925 -0.69119523]],2.0
[[ 0.82548448  0.65371008 -0.54477644]],0.0
[[-1.36990502  0.77936568 -0.38648875]],0.0
[[-1.4751572   1.53823743 -1.81577727]],7.0
[[ 2.70371322  0.18268143 -1.18702206]],7.0
[[-0.78385491 -0.85419455 -0.48435963]],0.0
[[ 0.  0. -1.]],0.0
[[-1.05392081  0.74264608 -0.92116032]],0.0
[[  6.38378239e-16  -6.10622664e-16  -1.00000000e+00]],0.0
[[-0.79569561 -0.77632406 -0.3139518 ]],0.0
[[ 1.76617597 -0.7943669  -0.81350595]],2.0
[[ 0.41883329  2.26227702 -0.34939979]],0.0
[[ 1.35280015  0.39776915 -0.35706041]],0.0
[[ 1.32138141  0.13602604 -0.36283972]],0.0
[[ 0.51390411  0.92896934 -0.5091888 ]],0.0
[[-2.02630667  1.05958691 -0.44904018]],0.0
[[-2.89328032 -0.56588168 -0.37364326]],8.0
[[ 0.19477685  1.14421913 -0.41263186]],0.0
[[ -5.55111512e-17   1.66533454e-16  -1.00000000e+00]],0.0
[[-3.26511429  0.15745086 -2.15779862]],0.0
[[ 2.33164987  1.69299818  0.05682415]],8.0
[[-0.02226428 -1.20769572 -0.37657208]],0.0
[[  1.11022302e-16  -1.66533454e-16  -1.00000000e+00]],0.0
[[-0.81433791 -0.83559478 -0.54676338]],0.0
[[ 1.40056544 -2.97985053 -1.94791538]],27.0
[[ 0.90310117 -0.56484427 -0.49455336]],0.0
[[-1.4999431  -1.28425144 -0.11947708]],2.0
[[-0.69248676 -0.38358555 -0.49476151]],0.0
[[  1.11022302e-16   1.94289029e-16  -1.00000000e+00]],0.0
[[-1.05810357  0.52268216 -0.38729745]],0.0
[[-1.31126697 -3.04603552 -1.6586666 ]],13.0
[[  1.11022302e-16   0.00000000e+00  -1.00000000e+00]],0.0
[[ 0.40171417  1.63439605 -0.30780352]],0.0
[[ 0.77180219 -1.78304852  0.29587057]],0.0
[[ 1.51843115 -0.66546217  0.02578972]],0.0
[[  0.00000000e+00   1.11022302e-16  -1.00000000e+00]],0.0
[[-1.21933246  0.9024563  -0.520364  ]],0.0
[[-0.79456952 -1.73932216 -0.17652473]],0.0
[[-4.24376385 -0.83223581 -1.79115738]],37.0
[[ 1.12775221  0.13174024 -0.38035279]],0.0
[[-0.16999569 -1.08293056 -0.92471668]],0.0
[[-0.73932042  2.73215814 -1.79209651]],13.0
[[-0.33035509  1.78887179 -0.3379662 ]],0.0
[[ 3.1802148  -0.27933306 -1.84922022]],39.0
[[ 1.18129379  1.26262606 -0.07727997]],0.0
[[-0.97486302 -0.94943433  0.00607128]],0.0
[[-0.2009549  1.1727491 -0.4253072]],0.0
[[-0.71806454  0.95717934 -0.39185632]],0.0
[[-1.50036367  0.6127568  -0.12283693]],0.0
[[-2.33082    -0.79765447 -0.13740265]],4.0
[[ 0.1667174  -1.15230737 -0.58282361]],0.0
[[-1.7714577  -2.21939532 -1.55085368]],9.0
[[ 1.58600134  0.4362273  -0.09023769]],0.0
[[-0.12849688  1.31045077 -0.28035412]],0.0
[[  0.00000000e+00  -1.11022302e-16  -1.00000000e+00]],0.0
[[  0.00000000e+00   8.32667268e-17  -1.00000000e+00]],0.0
[[-1.48890679  1.83351098 -0.67146951]],4.0
[[-1.98265467  0.06452552  0.24772713]],0.0
[[-3.64148834  0.88196007 -1.71319929]],19.0
[[-1.17974629  0.2037407  -0.50148123]],0.0
[[ 0.47455127  1.75728504 -0.27303475]],0.0
[[ -1.66533454e-16  -5.55111512e-17  -1.00000000e+00]],0.0
[[-0.76113637  0.54905854 -0.34615843]],0.0
[[ 2.03491262 -0.92931467  0.04926813]],0.0
[[ 0.55398754  1.24111069  0.08502989]],0.0
[[-1.02502724 -0.72838431 -0.71540941]],0.0
[[-1.37777276 -0.74276689 -0.21222359]],0.0
[[-1.27204862  0.03443739 -0.16780001]],0.0
[[ 1.59443934  0.3071274   0.14671495]],0.0
[[-0.97169574 -0.80376228 -0.12015339]],0.0
[[-1.04499032 -0.53891765 -0.81673036]],0.0
[[-2.40917655  2.15751069 -1.17657545]],41.0
[[ 1.29605782  1.92090846 -1.78775269]],13.0
[[-1.03802005  0.97184884 -1.77469459]],3.0
[[-0.30801431  1.54709242 -0.58093248]],0.0
[[  2.22044605e-16   1.11022302e-16  -1.00000000e+00]],0.0
[[ 1.1991254  -0.09503044 -0.26062491]],0.0
[[ 0.79878883 -1.87020912  0.10443916]],0.0
[[-0.6929503  -1.88669305  0.17006398]],0.0
[[ 1.09813114  1.70412148 -1.31317055]],9.0
[[ 1.94093097  0.46994263  0.05512684]],2.0
[[  4.16333634e-17   1.11022302e-16  -1.00000000e+00]],0.0
[[ 0.4043524  -0.93482881 -0.50098791]],0.0
[[-1.2732103   0.30731082 -0.33903582]],0.0
[[ 1.52087904  1.58044537 -0.12148453]],2.0
[[  2.22044605e-16  -1.11022302e-16  -1.00000000e+00]],0.0
[[-0.67595885 -0.75858902 -0.68218871]],0.0
[[-2.73213664 -0.80509781 -1.53494833]],7.0
[[-0.03767503 -1.70977775 -0.37809623]],0.0
[[-1.61183862  0.04071202 -0.10474572]],0.0
[[-0.49166327 -0.89934716 -0.51903648]],0.0
[[-1.12501601  1.63413906 -0.2090406 ]],4.0
[[ 1.25414274 -1.71900087 -1.84455894]],9.0
[[ -2.77555756e-17   0.00000000e+00  -1.00000000e+00]],0.0
[[-0.96444018  0.58877005 -0.72694567]],0.0
[[-1.2284011  -1.71134066 -0.27572063]],4.0
[[-1.63475246 -1.40171724 -0.09986052]],0.0
[[-1.13131422  0.89402764 -0.81302692]],0.0
[[ 0.42594432 -0.99161613 -0.47752937]],0.0
[[ 1.1362122   0.77296766 -0.62383796]],0.0
[[-3.1540877  -1.22157565 -0.02530032]],20.0
[[-0.49236267 -0.8564371  -0.72044778]],0.0
[[ 0.83308375 -0.83705723 -0.5221023 ]],2.0
[[-1.37578751  0.2269884  -0.50748586]],2.0
[[ 1.56248508 -0.88657131 -0.4015846 ]],0.0
[[-1.33843268  2.59212304  0.03578362]],8.0
[[-0.58903652 -1.58966144 -0.38050946]],0.0
[[-1.61889347  0.2120041  -0.17739286]],0.0
[[ 0.61205858 -1.96126857 -0.72663253]],0.0
[[ 1.72823712 -1.03158034 -0.34358748]],2.0
[[ 0.04555605  1.1145738  -0.05975008]],0.0
[[ 1.68563308  0.75037967 -0.47616757]],0.0
[[ 1.79762601  1.28536572 -0.16885165]],2.0
[[-2.88559792 -1.86152534 -0.06122935]],12.0
[[-1.57833448 -1.31127647 -0.13940047]],0.0
[[ 2.1150139   1.24752108 -0.66283156]],2.0
[[  5.55111512e-17   1.11022302e-16  -1.00000000e+00]],0.0
[[-1.56355831  0.47267682 -0.45648211]],0.0
[[-1.10262133 -1.50022884 -0.06465664]],4.0
[[ 0.12474898 -1.62207416 -0.29509947]],0.0
[[ 1.32832113 -0.06474683 -0.04346946]],0.0
[[-2.58750979 -0.46550129 -1.24660778]],13.0
[[-0.18721308  1.3711807  -0.12733452]],0.0
[[ -1.11022302e-16  -5.55111512e-17  -1.00000000e+00]],0.0
[[  4.16333634e-17   2.22044605e-16  -1.00000000e+00]],0.0
[[-1.2051667  -2.86600506 -1.76688598]],33.0
[[ 1.04501404  0.70361604 -0.24022004]],0.0
[[ 1.29082103 -0.02837297 -0.04691354]],0.0
[[-0.33914565 -1.76039956 -0.61325296]],0.0
[[  0.00000000e+00   2.08166817e-17  -1.00000000e+00]],0.0
[[ 0.70811212 -0.66294701 -0.49635612]],0.0
[[-0.31426073 -1.64296326 -0.64344028]],0.0
[[ 1.4891868  -0.04991311 -0.05313847]],0.0
[[-0.93244071  0.66172807 -0.44280024]],0.0
[[-1.12604993  1.48584898 -0.29948005]],0.0
[[ 2.05528967  0.19620089 -1.76390398]],11.0
[[-2.35578517 -3.16344373 -0.0447005 ]],16.0
[[-1.19461942 -1.54964851 -0.79395557]],0.0
[[ 1.12439973  0.44443416 -0.55132089]],0.0
[[-0.96907374 -0.34065052 -0.51236122]],0.0
[[-0.85016715  0.0048561  -0.81371092]],0.0
[[-0.87112391 -0.41973184 -0.64518254]],0.0
[[ 0.4533673   1.67282875 -0.67951888]],0.0
[[-1.18357876 -1.42206246 -0.19808131]],0.0
[[ 0.21330184  1.5389013  -0.02236884]],0.0
[[ 2.40792697 -0.37434264 -1.7862628 ]],9.0
[[ 0.7517002   0.66919154 -1.01201253]],0.0
[[-1.31656955 -0.93031813 -0.65443706]],4.0
[[ 0.15661275  1.19557644 -0.36603962]],0.0
[[ 1.61758363  2.4348447   0.3179549 ]],12.0
[[-1.24405579  0.57288818 -0.39347968]],0.0
[[  2.22044605e-16  -5.55111512e-17  -1.00000000e+00]],0.0
[[-0.649887    0.82358213 -0.15826977]],0.0
[[-1.32324433 -0.06437399 -0.05759312]],0.0
[[ 1.1362975  -0.24384296 -0.3827738 ]],0.0
[[ 0.7923448  -1.55938766 -0.5608425 ]],0.0
[[ 0.63583864 -1.28727728 -0.1472191 ]],0.0
[[-1.29894092 -0.39220918 -0.49113878]],0.0
[[-1.25547997 -0.9741757  -0.44909827]],0.0
[[ -1.11022302e-16   3.05311332e-16  -1.00000000e+00]],0.0
[[ 0.93274521 -0.34659781 -0.31277049]],0.0
[[ 1.04905521  1.00060813 -0.29336302]],0.0
[[-1.36823236  0.13683262 -0.22413245]],0.0
[[ 0.20831019  1.46859257 -0.20373181]],0.0
[[-2.13522836  1.50387987 -1.05850564]],7.0
[[-2.34620218  0.26227071 -1.78768542]],15.0
[[ 0.90493829 -1.00384355 -0.82172132]],6.0
[[-0.83970521  1.53612627 -0.16630381]],0.0
[[-0.12149866 -1.65189606 -0.2841389 ]],0.0
[[-0.62701621  0.41014911 -0.60327877]],0.0
[[  0.00000000e+00   2.22044605e-16  -1.00000000e+00]],0.0
[[-1.46909935 -2.06955794 -0.65130596]],6.0
[[ 1.12788957  1.34518375 -0.06203503]],2.0
[[ 1.04404661  2.08010786 -1.64962887]],7.0
[[-0.57096025  0.98183841 -0.22919187]],0.0
[[-1.31639505  0.81213696 -0.15386525]],0.0
[[-1.68707562  3.14785038 -1.3112217 ]],23.0
[[ 1.24768433 -1.39508173 -0.29059609]],0.0
[[-0.53302218 -4.23943835 -3.9764246 ]],47.0
[[ 2.62888528 -0.08188623 -1.3876259 ]],7.0
[[ 0.38955446  1.94708278  0.02710698]],0.0
[[  4.44089210e-16  -3.33066907e-16  -1.00000000e+00]],0.0
[[ 1.04160151  0.92505828 -0.30796617]],0.0
[[-0.44500185  1.36758997 -0.44298832]],0.0
[[-6.16609923  2.48563826 -2.45789025]],138.0
[[ -5.55111512e-17  -1.11022302e-16  -1.00000000e+00]],0.0
[[ 1.16018454  1.20496778 -0.02954249]],0.0
[[-0.35416357 -1.31857587 -0.41610675]],0.0
[[ 1.78434907  0.78773299 -2.03142752]],5.0
[[-0.65758832  0.631352   -1.02477179]],0.0
[[-0.10101851  1.19816085 -0.62386243]],0.0
[[-1.12263569  0.70157289  0.11110331]],0.0
[[-1.63864827 -2.55145374 -1.18139614]],15.0
[[-0.71478756 -1.65591481 -1.1211623 ]],0.0
[[-1.08038332  0.52124818 -0.02498469]],0.0
[[ 1.66323123  1.38649702  0.20369386]],4.0
[[ 1.3947208  -0.21591533  0.23728039]],0.0
[[ 2.25394798  3.15658076  0.26083307]],14.0
[[-0.3211482   1.25530106 -0.08202276]],0.0
[[-0.44371228  0.8277163  -0.42344617]],0.0
[[-0.03446883  1.13533204 -0.43179931]],0.0
[[  5.55111512e-17   1.11022302e-16  -1.00000000e+00]],0.0
[[ 0.84789164 -2.96604638 -0.20599499]],18.0
[[-0.60017186 -2.56778723 -1.79184383]],13.0
[[ -1.66533454e-16   0.00000000e+00  -1.00000000e+00]],0.0
[[-0.24217324 -1.36154619 -0.50058233]],0.0
[[-0.64697518 -0.71443832 -0.5189099 ]],0.0
[[ 0.68820317 -0.9085097  -0.55643015]],0.0
[[ 1.44804943  0.07341198 -0.78154041]],0.0
[[ 0.45628665 -1.41391917 -0.59332686]],0.0
[[-1.50662484 -0.20264131 -0.34650941]],0.0
[[-0.05946289 -1.89860558 -0.46954391]],0.0
[[-1.16882981 -0.71805961 -0.06039922]],0.0
[[ -1.14813594e+00   5.84716368e-01  -4.64604047e-04]],0.0
[[-1.1295447   1.14634362 -0.48537178]],0.0
[[-2.04144287 -2.06129124 -0.03619854]],16.0
[[-0.98739932 -1.56868155 -0.04498802]],0.0
[[-0.37355607 -1.29011204 -0.35644971]],2.0
[[-0.89910295  1.11812921 -0.8086281 ]],0.0
[[ 1.13561375 -0.21495818 -0.6398141 ]],0.0
[[ 15.23692427   6.77227347  -0.99745033]],531.0
[[-2.69272273  0.16332515 -1.4417639 ]],17.0
[[-1.31875634  0.09680673 -0.22593898]],0.0
[[-1.01857769 -0.01781525 -0.42297517]],0.0
[[-0.63628088  1.38750415  0.08010315]],0.0
[[ 0.37570548 -1.27933012 -0.03745652]],0.0
[[ 0.71734739  1.31373096 -0.70071425]],0.0
[[-0.97056846  0.12842702 -0.54534734]],0.0
[[-1.42153961 -0.23869341  0.08300388]],0.0
[[-1.1047512   0.27102863 -0.28696422]],0.0
[[  4.44089210e-16   3.88578059e-16  -1.00000000e+00]],0.0
[[ 1.31988492 -1.89144067 -0.59646648]],6.0
[[ 1.99493151  4.19702007 -1.18878453]],21.0
[[-1.19168438 -0.25925071  0.06571653]],0.0
[[-1.02343452 -2.17610588 -1.26413081]],5.0
[[ 0.57257896  0.81812487 -0.7470203 ]],0.0
[[-1.50711066  1.49765445 -0.66472743]],8.0
[[  0.00000000e+00   5.55111512e-17  -1.00000000e+00]],0.0
[[ 1.02615726  0.17074434 -0.61627865]],0.0
[[-2.36133635  0.50848132 -0.36728076]],0.0
[[ 0.50026936 -3.99169244 -1.16303203]],159.0
[[ 0.70979495 -1.93118846 -0.16424352]],0.0
[[-0.47149244 -0.92472397 -0.3734097 ]],0.0
[[ 2.31271662  1.82537044 -0.47443291]],12.0
[[-0.65146327 -0.53916314 -0.53624898]],0.0
[[ -1.66533454e-16   2.08166817e-16  -1.00000000e+00]],0.0
[[ -1.11022302e-16   5.55111512e-17  -1.00000000e+00]],0.0
[[-0.3309618   1.05377065 -0.7547923 ]],0.0
[[-1.02698102 -2.23464173 -1.64845763]],13.0
[[  5.55111512e-17  -3.88578059e-16  -1.00000000e+00]],0.0
[[-0.96585617  0.57468029 -0.6865369 ]],0.0
[[-1.20459807  0.31420065 -0.21233611]],0.0
[[ -2.77555756e-17   1.11022302e-16  -1.00000000e+00]],0.0
[[ 0.70281582  1.52959261 -0.67062261]],0.0
[[-0.73797013  1.619299   -0.41104943]],0.0
[[-0.92439604  0.70675948 -0.8580939 ]],0.0
[[-2.75077174 -0.89254746 -1.53982174]],7.0
[[-1.4362519  -1.53547146 -1.94205125]],7.0
[[-1.83986109  0.64101711 -0.24951009]],0.0
[[-2.56145736 -0.53491056 -1.41244212]],9.0
[[ 0.23146324 -1.0976547  -0.42146497]],0.0
[[-0.3437421  -1.41803299 -0.25079432]],0.0
[[-0.52348325  0.77902207 -0.81141938]],0.0
[[-0.74169473 -1.03278014 -0.11854671]],0.0
[[ 0.11652766 -1.39125953 -0.50556036]],0.0
[[ 0.91604288  0.04667901 -0.46199102]],0.0
[[ 0.25422354 -1.17207579  0.14838069]],0.0
[[ -5.55111512e-17  -1.11022302e-16  -1.00000000e+00]],0.0
[[  2.22044605e-16   8.32667268e-17  -1.00000000e+00]],0.0
[[-1.14714541 -0.4227302  -0.74413716]],0.0
[[ 1.28047696  0.47127164 -0.05875586]],0.0
[[ 2.52953693  2.48833613 -1.19030055]],15.0
[[-0.37544672 -1.53928421 -0.07451842]],0.0
[[ 0.00597587  0.885425   -0.7376362 ]],0.0
[[  6.93889390e-17  -8.32667268e-17  -1.00000000e+00]],0.0
[[ -1.94289029e-16  -5.55111512e-17  -1.00000000e+00]],0.0
[[ 1.6091186  -1.12925039 -0.25378297]],0.0
[[ 2.49911789 -1.73001394 -1.63380385]],15.0
[[ 0.97520222  2.55950581 -1.35707179]],9.0
[[-0.18287858 -1.30000527 -0.3425204 ]],0.0
[[ 0.54246623 -2.10564158 -1.93540017]],7.0
[[ 1.04526264  1.78872337 -1.79312654]],7.0
[[ 3.41968365  1.34821077 -1.1743133 ]],19.0
[[ 1.16033066 -0.37452639  0.26535657]],0.0
[[ -5.55111512e-17   0.00000000e+00  -1.00000000e+00]],0.0
[[-0.98950718  1.10354706 -0.09290127]],0.0
[[-1.42819919 -0.0165219   0.03221039]],0.0
[[ 4.47443646  4.13331204 -0.91506632]],61.0
[[ 0.03314267  1.47033473 -0.32931683]],0.0
[[ 1.92513913  0.81945091  0.1242284 ]],0.0
[[ 1.27737995  1.10425503 -0.53470252]],0.0
[[ 1.31639719 -0.54296319 -0.2052612 ]],0.0
[[-1.61534984 -1.4071645  -0.11000735]],14.0
[[-0.07096071 -1.01980301 -0.73279277]],0.0
[[-0.4651456   1.85651852 -0.32163641]],0.0
[[ 0.73527054 -0.97945818 -0.95197087]],0.0
[[ 0.80043634  0.56121426 -0.48231133]],0.0
[[  2.77555756e-16  -2.77555756e-17  -1.00000000e+00]],0.0
[[ 1.34991788  2.0876915  -0.57851622]],0.0
[[ 0.70589067 -1.26924001 -0.57529236]],0.0
[[-0.54061856  1.01373809 -0.42374201]],0.0
[[ 2.07572478  3.78012481 -1.07443344]],27.0
[[ 0.49392062 -0.98908643 -0.44595385]],2.0
[[-1.32838465 -0.31742877 -0.31734523]],0.0
[[-0.56619971 -1.12651208 -0.48756098]],0.0
[[ 1.00386823 -0.9558695  -0.30587096]],0.0
[[ 1.24952875 -1.05494833 -0.37819509]],0.0
[[-0.04672081 -2.33394326 -1.04691922]],7.0
[[ 0.61252071  0.98509197  0.12469146]],0.0
